cidade,estado,Total de Flashes
Corumbá,MS,85166
Porto Murtinho,MS,59952
Aquidauana,MS,39290
Apuí,AM,36481
Jacareacanga,PA,20193
Bonito,MS,17908
Ribas do Rio Pardo,MS,16804
Novo Aripuanã,AM,16361
Miranda,MS,14475
Ponta Porã,MS,12839
Manicoré,AM,12089
Rio Verde de Mato Grosso,MS,11772
Bela Vista,MS,11057
Colniza,MT,10952
Água Clara,MS,10806
Aripuanã,MT,9807
Formoso do Araguaia,TO,9718
Juara,MT,9394
Bodoquena,MS,9049
Campo Grande,MS,8519
Figueirão,MS,8358
Apiacás,MT,8286
Nioaque,MS,8214
Caracol,MS,7956
Três Lagoas,MS,7758
Barra do Garças,MT,7492
Maracaju,MS,7327
São Gabriel da Cachoeira,AM,7124
São Félix do Xingu,PA,7114
Alcinópolis,MS,7036
Santa Maria das Barreiras,PA,6870
Tapauá,AM,6803
Maués,AM,6721
Amambai,MS,6492
Altamira,PA,6436
Mineiros,GO,6383
Peixoto de Azevedo,MT,6296
São Félix do Araguaia,MT,6273
Coari,AM,6269
Borba,AM,6189
Barcelos,AM,6024
Camapuã,MS,5930
Sidrolândia,MS,5801
Terenos,MS,5660
Bandeirantes,MS,5588
Rosário Oeste,MT,5458
Anastácio,MS,5415
Itiquira,MT,5308
Tesouro,MT,4979
Novo Progresso,PA,4845
Cotriguaçu,MT,4782
Nova Bandeirantes,MT,4634
Nova Ubiratã,MT,4546
Dourados,MS,4478
Santa Isabel do Rio Negro,AM,4472
Feliz Natal,MT,4432
Poxoréu,MT,4430
Brasilândia,MS,4390
Rio Brilhante,MS,4375
Marcelândia,MT,4246
Tangará da Serra,MT,4217
Paranatinga,MT,4215
Querência,MT,4155
Dois Irmãos do Buriti,MS,4100
Vila Rica,MT,4057
Corguinho,MS,3871
Confresa,MT,3835
Gaúcha do Norte,MT,3790
Rondonópolis,MT,3749
Costa Rica,MS,3746
Porto Velho,RO,3730
Itaituba,PA,3625
Nova Andradina,MS,3578
Laguna Carapã,MS,3448
Santa Rita do Pardo,MS,3440
Cumaru do Norte,PA,3433
Pedra Preta,MT,3414
Antônio João,MS,3395
Naviraí,MS,3213
São Miguel do Guaporé,RO,3203
São Gabriel do Oeste,MS,3164
Conceição do Araguaia,PA,3141
Jardim,MS,3100
Santana do Araguaia,PA,3092
Paraíso das Águas,MS,3077
Nova Alvorada do Sul,MS,3061
Beruri,AM,3047
Santo Afonso,MT,3040
Nova Brasilândia,MT,2999
Novo Airão,AM,2986
Alta Floresta d'Oeste,RO,2956
Barra do Bugres,MT,2896
Coxim,MS,2896
Juruena,MT,2847
Ivinhema,MS,2833
Iguatemi,MS,2821
Careiro,AM,2769
Guiratinga,MT,2747
Denise,MT,2678
Jaraguari,MS,2621
Caarapó,MS,2582
Planalto da Serra,MT,2561
Santa Rita do Araguaia,GO,2502
Sonora,MS,2500
Rio Negro,MS,2468
Guia Lopes da Laguna,MS,2467
Diamantino,MT,2466
General Carneiro,MT,2447
Água Boa,MT,2444
Tefé,AM,2418
Rorainópolis,RR,2412
Chapadão do Céu,GO,2403
Cocalinho,MT,2396
Aporé,GO,2389
Campo Novo de Rondônia,RO,2350
Pedro Gomes,MS,2311
Lábrea,AM,2255
Novo Santo Antônio,MT,2222
Canarana,MT,2221
Jateí,MS,2213
Paranhos,MS,2210
Aral Moreira,MS,2195
São José do Xingu,MT,2176
Serranópolis,GO,2147
Alto Alegre dos Parecis,RO,2144
Cáceres,MT,2137
União do Sul,MT,2130
Rochedo,MS,2080
Santa Carmem,MT,2079
Pontal do Araguaia,MT,2073
Nova Marilândia,MT,1985
Cuiabá,MT,1984
Lizarda,TO,1958
Nobres,MT,1863
Tacuru,MS,1812
Itaquiraí,MS,1808
Santa Cruz do Xingu,MT,1804
Bom Jesus do Araguaia,MT,1783
Alto Garças,MT,1775
Codajás,AM,1763
Guarantã do Norte,MT,1740
Chapada dos Guimarães,MT,1732
Ribeirão Cascalheira,MT,1725
Corumbiara,RO,1692
Angélica,MS,1683
Buritis,MG,1680
Maraã,AM,1656
Alto Araguaia,MT,1639
Correntina,BA,1624
Pimenteiras do Oeste,RO,1615
Arinos,MG,1587
Porto Alegre do Norte,MT,1579
Anaurilândia,MS,1579
Caiapônia,GO,1575
Coronel Sapucaia,MS,1562
Itaporã,MS,1548
Niquelândia,GO,1539
São Francisco do Guaporé,RO,1532
Cassilândia,MS,1507
Piraí do Sul,PR,1485
Santo Antônio do Leverger,MT,1470
Juti,MS,1467
Inocência,MS,1434
Cerejeiras,RO,1432
Comodoro,MT,1422
Campos Lindos,TO,1417
Seringueiras,RO,1391
São José do Povo,MT,1380
Canabrava do Norte,MT,1377
Vera,MT,1335
Batayporã,MS,1327
Campinápolis,MT,1322
Couto Magalhães,TO,1319
Araguaiana,MT,1316
Coromandel,MG,1308
Pium,TO,1306
Santa Rita do Trivelato,MT,1302
Uarini,AM,1302
Nova Mamoré,RO,1296
Humaitá,AM,1288
Matupá,MT,1275
Caracaraí,RR,1272
Guarapuava,PR,1271
Nossa Senhora do Livramento,MT,1234
Cláudia,MT,1231
Itarumã,GO,1227
Manaus,AM,1217
Prudentópolis,PR,1194
Guajará-Mirim,RO,1194
Bataguassu,MS,1192
Nova Maringá,MT,1189
Sapezal,MT,1180
Juína,MT,1164
Deodápolis,MS,1157
Rio Verde,GO,1153
Alto Paraíso de Goiás,GO,1150
Quirinópolis,GO,1142
Sandolândia,TO,1141
Novo São Joaquim,MT,1119
Lagoa da Confusão,TO,1115
Alto Taquari,MT,1102
Anori,AM,1067
Itaúba,MT,1064
Campo Verde,MT,1058
Alta Floresta,MT,1052
Floresta do Araguaia,PA,1046
São Gonçalo do Sapucaí,MG,1045
Selvíria,MS,1045
Chapada,RS,1035
Rio Sono,TO,1016
Planaltina,GO,1015
Jaguariaíva,PR,1014
Jataí,GO,1000
São João d'Aliança,GO,968
Paracatu,MG,965
Cascavel,PR,962
Afuá,PA,960
Barão de Melgaço,MT,946
Reserva,PR,942
Brasnorte,MT,939
Cristalina,GO,936
Juscimeira,MT,933
Primavera do Leste,MT,930
Faxinal,PR,928
Anajás,PA,928
Serra Nova Dourada,MT,922
Santa Terezinha,MT,918
Novo Mundo,MT,917
Paranaíta,MT,916
Alto Paraguai,MT,909
Londrina,PR,901
Tibagi,PR,900
Nova Nazaré,MT,898
Nortelândia,MT,894
São Desidério,BA,889
Paranaíba,MS,885
Turvo,PR,866
Sete Quedas,MS,864
Caçu,GO,863
Porto Estrela,MT,856
Carolina,MA,846
Umuarama,PR,845
Soledade,RS,843
Fontoura Xavier,RS,835
Palmeira das Missões,RS,835
Novo Horizonte do Sul,MS,833
Água Fria de Goiás,GO,829
Castanheira,MT,828
Passo Fundo,RS,810
Nova Mutum,MT,810
Guarda-Mor,MG,809
Paragominas,PA,809
Cianorte,PR,806
Uiramutã,RR,800
São Miguel do Araguaia,GO,776
Santa Rita do Sapucaí,MG,767
Buritis,RO,763
Apucarana,PR,754
Alto Parnaíba,MA,753
Tabaporã,MT,752
Arenápolis,MT,744
Mariana Pimentel,RS,738
Salto do Céu,MT,737
Nova Monte Verde,MT,733
Alvarães,AM,730
São Jerônimo da Serra,PR,729
Irati,PR,728
Sinop,MT,722
Tuneiras do Oeste,PR,718
Teodoro Sampaio,SP,718
Jangada,MT,716
Campina do Simão,PR,714
Pequizeiro,TO,708
Japurá,AM,707
Francisco Beltrão,PR,696
Alto Boa Vista,MT,694
Arapoti,PR,693
Cruzeiro do Oeste,PR,680
Guapé,MG,677
Candói,PR,675
Doverlândia,GO,673
Rondon,PR,666
Querência do Norte,PR,660
Chapadão do Sul,MS,657
Ortigueira,PR,656
São João do Ivaí,PR,634
Arroio dos Ratos,RS,630
Pouso Alegre,MG,624
São Félix do Tocantins,TO,622
Machadinho d'Oeste,RO,621
Mamborê,PR,616
Taquarussu,MS,610
Paranavaí,PR,608
Almirante Tamandaré do Sul,RS,607
Colinas do Sul,GO,605
Dom Aquino,MT,605
Pau d'Arco,PA,589
Ourilândia do Norte,PA,585
Campo Novo do Parecis,MT,584
Luciara,MT,584
Ronda Alta,RS,583
Caldas,MG,579
Erval Seco,RS,578
Goioxim,PR,576
Campestre,MG,572
Alpestre,RS,570
Rio Maria,PA,569
Luiziana,PR,566
Sengés,PR,566
Sapopema,PR,562
Manacapuru,AM,561
Guaraniaçu,PR,560
Eldorado,MS,553
Cândido de Abreu,PR,553
Bannach,PA,548
Tapes,RS,548
Cachoeira de Minas,MG,543
Buri,SP,543
Araruna,PR,532
Campos de Júlio,MT,526
Porto dos Gaúchos,MT,526
Toledo,PR,525
Ladário,MS,521
Machado,MG,519
Nonoai,RS,515
Venâncio Aires,RS,510
Telêmaco Borba,PR,508
Tapejara,PR,506
Colinas do Tocantins,TO,505
Trindade do Sul,RS,505
Santo Antônio do Sudoeste,PR,505
Juruá,AM,503
Terra Rica,PR,503
Concórdia do Pará,PA,500
Recursolândia,TO,500
Chapecó,SC,500
Jutaí,AM,497
São José do Cedro,SC,496
Santa Vitória,MG,495
Dois Irmãos das Missões,RS,495
Castro,PR,494
Mostardas,RS,493
Lambari d'Oeste,MT,493
Balsas,MA,488
Tenente Portela,RS,488
Seberi,RS,485
Itanhangá,MT,485
Pontão,RS,483
Palmeirante,TO,479
Autazes,AM,478
Alto Paraíso,PR,475
Nhamundá,AM,472
Lagoa do Tocantins,TO,471
Loanda,PR,468
Unaí,MG,468
Nova Xavantina,MT,467
Glória de Dourados,MS,466
Boa Vista das Missões,RS,462
Pedro Afonso,TO,462
Altônia,PR,461
Casa Branca,SP,460
Acará,PA,459
São Francisco de Paula,RS,453
Montes Claros de Goiás,GO,453
Presidente Epitácio,SP,451
Redentora,RS,451
Céu Azul,PR,450
Rio Preto da Eva,AM,448
São Paulo,SP,448
Maria Helena,PR,447
Torixoréu,MT,446
Aragarças,GO,440
Bandeirantes do Tocantins,TO,439
Itapiratins,TO,439
Coqueiros do Sul,RS,438
Cidade Gaúcha,PR,433
Araputanga,MT,432
Erval Grande,RS,429
Formosa,GO,426
Liberato Salzano,RS,425
Nova Laranjeiras,PR,425
Presidente Venceslau,SP,423
Itapetininga,SP,422
Ibaiti,PR,417
Frederico Westphalen,RS,416
Moreira Sales,PR,415
Várzea Grande,MT,414
Nova Crixás,GO,413
Botelhos,MG,412
Ipiranga do Norte,MT,409
Ibirapuitã,RS,407
Araguainha,MT,406
Quedas do Iguaçu,PR,405
Descanso,SC,404
Rosana,SP,403
Capitólio,MG,400
Cantagalo,PR,397
São Miguel do Iguaçu,PR,396
Trairão,PA,395
Buenópolis,MG,394
Sarandi,RS,392
Marabá Paulista,SP,391
Tucuruí,PA,389
Nova Brasilândia d'Oeste,RO,385
Foz do Iguaçu,PR,385
Mirante do Paranapanema,SP,383
Sertão,RS,383
Monte Belo,MG,382
Claro dos Poções,MG,381
Castilho,SP,377
Dois Irmãos do Tocantins,TO,375
Caconde,SP,374
Estiva,MG,374
Monte Carmelo,MG,374
Ubiratã,PR,374
Redenção,PA,371
Nova Santa Helena,MT,367
Itapeva,SP,367
Gouvelândia,GO,367
Mondaí,SC,365
Formoso,MG,365
Japorã,MS,365
Bom Jardim de Goiás,GO,364
São Pedro do Ivaí,PR,364
Breves,PA,363
Colíder,MT,363
Progresso,RS,363
Arapongas,PR,363
Jaborandi,BA,362
Engenheiro Beltrão,PR,361
Constantina,RS,359
Euclides da Cunha Paulista,SP,359
Iporã,PR,359
Reserva do Cabaçal,MT,358
Araguari,MG,358
Tamarana,PR,358
Moju,PA,357
Santa Izabel do Oeste,PR,357
Pranchita,PR,357
Rio dos Índios,RS,356
Palmitos,SC,351
Itapiranga,SC,350
Pinhão,PR,350
Planalto,RS,349
Catanduvas,PR,349
Marques de Souza,RS,349
Marau,RS,349
Lucas do Rio Verde,MT,347
Doutor Ulysses,PR,347
Urucuia,MG,345
Alto Piquiri,PR,345
Miranorte,TO,343
Icaraíma,PR,341
Dracena,SP,340
Dois Vizinhos,PR,339
Peabiru,PR,336
Fonte Boa,AM,335
Barão de Cotegipe,RS,335
Ponte Alta do Tocantins,TO,335
Vazante,MG,334
Aparecida do Taboado,MS,331
Entre Rios do Sul,RS,331
Ventania,PR,328
Assis Chateaubriand,PR,327
Goioerê,PR,327
Pitanga,PR,326
Itararé,SP,325
Quatro Irmãos,RS,325
Curvelândia,MT,324
Silvânia,GO,322
Centro Novo do Maranhão,MA,321
Caxias do Sul,RS,321
Colméia,TO,319
Catalão,GO,318
Guarulhos,SP,317
Poconé,MT,317
Gramado dos Loureiros,RS,317
Mandaguari,PR,317
Rio Bonito do Iguaçu,PR,317
Roncador,PR,316
Salto do Lontra,PR,316
Iraceminha,SC,315
Barra do Ouro,TO,315
Mairiporã,SP,314
Morada Nova de Minas,MG,312
Guairaçá,PR,312
Ivaí,PR,311
Fênix,PR,311
Orizona,GO,310
Iraí,RS,308
Oriximiná,PA,307
Benjamin Constant do Sul,RS,306
Vargem Grande do Sul,SP,306
Tapurah,MT,304
Diamante do Sul,PR,303
Lidianópolis,PR,302
Arambaré,RS,302
Nova Aurora,PR,301
Ponta Grossa,PR,300
Cerro Azul,PR,300
Concórdia,SC,299
Laranjal,PR,296
Erechim,RS,296
Goianorte,TO,295
Bananal,SP,295
Caiuá,SP,293
Campina da Lagoa,PR,290
Bernardo Sayão,TO,289
Araguacema,TO,288
Itapuca,RS,288
Dionísio Cerqueira,SC,288
Campinas do Sul,RS,287
Poços de Caldas,MG,287
Filadélfia,TO,285
Marialva,PR,284
Ponte Branca,MT,283
Santo Antônio do Leste,MT,282
Cachoeira Alta,GO,282
Douradina,MS,281
Cunha Porã,SC,280
Mariluz,PR,280
Sentinela do Sul,RS,279
São João do Oeste,SC,278
Guaraí,TO,276
Morrinhos,GO,276
Sacramento,MG,276
Arvorezinha,RS,275
Guaíra,PR,274
Silvianópolis,MG,274
Cambira,PR,274
Nova Olímpia,MT,274
Astorga,PR,273
Chopinzinho,PR,271
São José dos Campos,SP,270
Goiatuba,GO,270
Palmeira,PR,270
Rolim de Moura,RO,270
Tocantínia,TO,270
Campos Novos,SC,270
Iretama,PR,269
Bonfim,RR,269
Vicentina,MS,269
Maringá,PR,268
Janiópolis,PR,266
Vicente Dutra,RS,265
Borda da Mata,MG,265
Barra do Ribeiro,RS,264
São Miguel Arcanjo,SP,264
Iporã do Oeste,SC,263
São Jorge do Ivaí,PR,263
Chupinguaia,RO,262
Sorriso,MT,261
Campo Mourão,PR,261
Pouso Novo,RS,261
Itambé,PR,260
Tabocão,TO,259
Santa Cecília do Sul,RS,259
Palmitinho,RS,258
General Câmara,RS,258
Carazinho,RS,258
São Valentim,RS,256
Monte Santo de Minas,MG,255
Rancho Alegre d'Oeste,PR,254
Quarto Centenário,PR,254
Realeza,PR,253
Guaraciaba,SC,253
Ipiranga do Sul,RS,252
Caapiranga,AM,252
Tocos do Moji,MG,252
Palmital,PR,251
Laranjeiras do Sul,PR,251
Cabeceiras,GO,249
Diamantina,MG,249
São José do Herval,RS,249
Santa Rita do Passa Quatro,SP,248
Canápolis,MG,248
Delfim Moreira,MG,247
Cafezal do Sul,PR,247
Eldorado do Sul,RS,247
Itacajá,TO,247
Terra Roxa,PR,247
Boa Esperança,PR,247
Teixeira Soares,PR,245
Seara,SC,245
Mundo Novo,MS,244
Ipiranga,PR,244
Nova Londrina,PR,244
Andradina,SP,244
Palmas,TO,243
Manfrinópolis,PR,243
Fátima do Sul,MS,243
Santo Anastácio,SP,242
São Jorge d'Oeste,PR,240
Corbélia,PR,239
Douradoquara,MG,239
Matelândia,PR,239
Turvolândia,MG,239
Terra Boa,PR,239
Tupaciguara,MG,237
Marilândia do Sul,PR,236
Paraguaçu,MG,235
Coxilha,RS,234
Minaçu,GO,234
Rio Branco do Ivaí,PR,233
Bocaiúva,MG,233
Carmo de Minas,MG,233
São Paulo de Olivença,AM,233
Santa Cruz de Monte Castelo,PR,231
Santa Helena,PR,230
Perobal,PR,230
Tapira,PR,228
Nazaré Paulista,SP,228
Caroebe,RR,228
Caxambu do Sul,SC,228
Tio Hugo,RS,227
Anchieta,SC,227
Cruzmaltina,PR,226
Nova Olinda,TO,226
Vilhena,RO,225
Itatiba do Sul,RS,224
Rodeio Bonito,RS,224
Cavalcante,GO,224
Carneirinho,MG,223
Barra do Rio Azul,RS,223
Marilena,PR,221
Cruzaltense,RS,221
Bom Repouso,MG,221
Barbosa Ferraz,PR,221
Mato Castelhano,RS,221
Altamira do Paraná,PR,220
Novo Barreiro,RS,220
Manaquiri,AM,218
Igaratá,SP,218
Francisco Dumont,MG,217
Carlinda,MT,216
Planalto,PR,216
Heliodora,MG,215
Caseiros,RS,215
Gentil,RS,214
Cabo Verde,MG,214
São Pedro do Paraná,PR,214
Cristal do Sul,RS,212
Lagoa Vermelha,RS,212
Baliza,GO,212
Passos,MG,211
Corumbaíba,GO,211
Água Doce,SC,210
Paranaiguara,GO,210
Careaçu,MG,210
Japurá,PR,210
Assaí,PR,209
Santo Antônio do Içá,AM,208
Jardim Alegre,PR,208
Carauari,AM,208
Guatambú,SC,207
Inconfidentes,MG,207
Martinópolis,SP,207
Renascença,PR,206
Belmonte,SC,205
Água Santa,RS,203
Piquerobi,SP,203
Rubiataba,GO,203
Quinta do Sol,PR,202
Estreito,MA,202
Araguaína,TO,201
Juranda,PR,201
Mauá da Serra,PR,201
Ciríaco,RS,201
Campo Erê,SC,200
Nova Boa Vista,RS,200
São Tomé,PR,200
Cambé,PR,199
Boa Esperança do Iguaçu,PR,199
Tabatinga,AM,198
Tapiraí,SP,197
Formiga,MG,197
Imbituva,PR,195
Paraí,RS,195
Salgado Filho,PR,195
Monte Alegre de Minas,MG,195
Gonçalves,MG,195
Bela Vista da Caroba,PR,194
Formosa do Oeste,PR,194
Tapejara,RS,194
Sabáudia,PR,193
Belém,PA,193
Arroio do Meio,RS,193
Crixás,GO,192
Curiúva,PR,191
Travesseiro,RS,191
Congonhinhas,PR,191
Mirassol d'Oeste,MT,190
Ivaté,PR,189
Ibiúna,SP,188
Cambuí,MG,188
Taquaruçu do Sul,RS,188
Estação,RS,187
Marquinho,PR,187
São Jorge do Patrocínio,PR,186
Ampére,PR,186
Lages,SC,186
Urubici,SC,186
Serranópolis do Iguaçu,PR,185
Putinga,RS,185
Brazópolis,MG,184
Rurópolis,PA,184
Camaquã,RS,184
Matos Costa,SC,184
Gurinhatã,MG,184
Silves,AM,183
Pirapozinho,SP,183
Rondinha,RS,183
Saltinho,SC,180
Bragança Paulista,SP,180
Pedregulho,SP,180
Paulo Bento,RS,179
Douradina,PR,179
Piranguinho,MG,178
Nova Canaã do Norte,MT,178
Nova Itaberaba,SC,178
Patrocínio,MG,178
Caçador,SC,176
Inácio Martins,PR,175
Coronel Domingos Soares,PR,175
Santa Tereza do Oeste,PR,175
Goiatins,TO,175
Xambrê,PR,175
Sananduva,RS,174
Montividiu,GO,174
Centenário,TO,174
Saudades,SC,174
São Bento do Sapucaí,SP,173
Vacaria,RS,173
Delfinópolis,MG,173
Presidente Bernardes,SP,173
Coqueiro Baixo,RS,173
Ipameri,GO,173
Capão Alto,SC,172
Presidente Olegário,MG,172
Nova Cantu,PR,170
Apiaí,SP,170
Vera Cruz do Oeste,PR,170
Mirandópolis,SP,170
Verê,PR,170
Barracão,RS,169
Jaboticabal,SP,169
Junqueirópolis,SP,169
Campinaçu,GO,169
Bandeirantes,PR,169
Conquista d'Oeste,MT,169
São Luiz do Paraitinga,SP,168
Santa Terezinha de Itaipu,PR,168
Ribeirão Branco,SP,168
Nepomuceno,MG,168
Campo Alegre de Goiás,GO,167
Guaraçaí,SP,167
Itajá,GO,167
São João,PR,167
Lunardelli,PR,166
Ponte Serrada,SC,166
Ivaiporã,PR,165
Brasilândia do Sul,PR,165
Piracaia,SP,165
Rolândia,PR,165
Acreúna,GO,164
Joaçaba,SC,164
Adrianópolis,PR,164
Fernandes Pinheiro,PR,163
Victor Graeff,RS,163
Marmeleiro,PR,162
Mandaguaçu,PR,162
Cafelândia,PR,162
Tabatinga,SP,161
Jacutinga,RS,161
Rondon do Pará,PA,161
Marechal Cândido Rondon,PR,161
Três Palmeiras,RS,160
Campo Belo do Sul,SC,160
Xaxim,SC,160
Tapiratiba,SP,160
Novo Acordo,TO,160
Palma Sola,SC,159
Conceição dos Ouros,MG,159
Piracanjuba,GO,159
Coqueiral,MG,159
Farol,PR,159
Palmas,PR,158
Ipumirim,SC,158
Paraúna,GO,158
Pinhalão,PR,158
Ituiutaba,MG,157
Esmeralda,RS,157
Novo Horizonte,SP,156
Varjão,GO,156
São José dos Quatro Marcos,MT,156
Miracema do Tocantins,TO,156
Ivolândia,GO,156
Jequitaí,MG,156
São José da Barra,MG,156
São José do Ouro,RS,156
Santo Antônio do Palma,RS,155
Mangueirinha,PR,155
Cabixi,RO,155
Angatuba,SP,155
Capanema,PR,155
Matias Cardoso,MG,154
São Jerônimo,RS,154
Pedralva,MG,153
Campestre da Serra,RS,153
Governador Jorge Teixeira,RO,152
Mafra,SC,152
Itacoatiara,AM,152
Vila Lângaro,RS,152
Bom Jesus do Sul,PR,152
Fernando Falcão,MA,151
Altinópolis,SP,151
Palotina,PR,151
Nova Tebas,PR,151
São João da Mata,MG,151
Tangará,SC,150
Sertanópolis,PR,150
São Domingos,GO,150
Santa Terezinha do Progresso,SC,150
Caiçara,RS,150
General Carneiro,PR,149
Grandes Rios,PR,148
Porto Rico,PR,148
Tunápolis,SC,147
Aratiba,RS,147
Guaporé,RS,147
Francisco Alves,PR,147
Reserva do Iguaçu,PR,147
Pontalina,GO,146
Casca,RS,146
Coronel Freitas,SC,146
Santo Antônio do Planalto,RS,146
Braganey,PR,146
Rio dos Bois,TO,145
Iporanga,SP,145
Jaborá,SC,145
São Pedro das Missões,RS,145
Cascalho Rico,MG,144
Flórida Paulista,SP,144
Caibi,SC,144
São Lourenço do Oeste,SC,144
Boa Vista da Aparecida,PR,143
Joanópolis,SP,143
Pilar do Sul,SP,143
Machadinho,RS,143
Porto União,SC,142
Jaboticaba,RS,142
Abelardo Luz,SC,141
João Pinheiro,MG,141
São Carlos do Ivaí,PR,141
Faina,GO,140
Florestópolis,PR,140
Santa Isabel do Ivaí,PR,140
Tupiratins,TO,140
Ipê,RS,139
Porto Barreiro,PR,139
Elói Mendes,MG,139
Anta Gorda,RS,139
Jaíba,MG,138
Irineópolis,SC,138
Bebedouro,SP,137
Santa Cruz de Goiás,GO,137
Curvelo,MG,137
Riachão,MA,136
Monte do Carmo,TO,136
Divinópolis do Tocantins,TO,136
Nova Esperança do Piriá,PA,136
Canoinhas,SC,135
Bom Retiro,SC,135
Nova Prata do Iguaçu,PR,135
Miraguaí,RS,135
Luziânia,GO,134
Papanduva,SC,134
Itaberá,SP,134
Indianópolis,PR,133
Butiá,RS,133
Sapucaí-Mirim,MG,133
Três Ranchos,GO,132
Inaciolândia,GO,132
Colorado,PR,132
Riqueza,SC,132
Faxinalzinho,RS,131
Bituruna,PR,131
São João da Boa Vista,SP,131
Goiás,GO,131
Itaipulândia,PR,131
Novo Tiradentes,RS,131
Itapirapuã Paulista,SP,130
Piranhas,GO,130
Planaltina do Paraná,PR,130
Tavares,RS,130
Derrubadas,RS,129
Sandovalina,SP,129
Ibiaçá,RS,129
Soledade de Minas,MG,129
Matão,SP,128
Rosário do Ivaí,PR,128
Tupãssi,PR,128
Itaiópolis,SC,128
Bujari,AC,128
Enéas Marques,PR,128
Amaporã,PR,127
Cornélio Procópio,PR,127
Riachinho,MG,127
Portelândia,GO,127
São Sebastião do Uatumã,AM,126
Lindoeste,PR,126
Mairipotaba,GO,126
Cruzeiro do Iguaçu,PR,126
Vitorino,PR,126
Floraí,PR,125
Pires do Rio,GO,125
Perolândia,GO,125
Getúlio Vargas,RS,124
Pinhalzinho,SP,124
Canutama,AM,123
Nova Esperança do Sudoeste,PR,123
Tucumã,PA,123
Monjolos,MG,123
Jacareí,SP,122
Prata,MG,122
Campo Bonito,PR,122
Santo Hipólito,MG,122
Itá,SC,122
Coronel Vivida,PR,121
Jesuítas,PR,121
Nova Bréscia,RS,121
Muitos Capões,RS,121
Rancharia,SP,121
Montividiu do Norte,GO,121
Flor da Serra do Sul,PR,120
Poço Fundo,MG,120
Cerro Grande,RS,119
Cândido Mota,SP,119
Lagoa Grande,MG,119
Veranópolis,RS,119
Ourizona,PR,119
Iguaraçu,PR,119
Nova Esperança,PR,119
São José do Norte,RS,119
Sarandi,PR,118
Nova Prata,RS,118
Carambeí,PR,118
Lajeado,RS,118
Ametista do Sul,RS,118
Sorocaba,SP,118
Uberaba,MG,118
Adamantina,SP,117
Nova Bassano,RS,117
São Carlos,SC,117
Cordislândia,MG,117
Lapa,PR,117
Pérola,PR,117
Paranacity,PR,117
Brotas,SP,116
Areado,MG,116
Princesa,SC,116
Lebon Régis,SC,115
Santa Fé,PR,115
Nova Fátima,PR,115
Cruz Machado,PR,115
Matrinchã,GO,115
Ibema,PR,114
Extrema,MG,114
Vianópolis,GO,114
Sertão Santana,RS,114
Bom Sucesso,PR,113
Pérola d'Oeste,PR,113
Painel,SC,113
Erebango,RS,112
São Sebastião do Paraíso,MG,112
Santo Antônio do Paraíso,PR,112
São Domingos do Capim,PA,112
Monte Alegre de Goiás,GO,111
São Pedro do Iguaçu,PR,111
Cássia dos Coqueiros,SP,111
Itápolis,SP,111
Santa Rita de Caldas,MG,111
Bueno Brandão,MG,111
Ponte Preta,RS,111
Medianeira,PR,110
Pau d'Arco,TO,110
Araguaçu,TO,110
Atibaia,SP,110
Alfenas,MG,110
Ipuiúna,MG,110
Lobato,PR,110
Cássia,MG,110
Alto Paraná,PR,110
Calmon,SC,109
Encantado,RS,109
Romelândia,SC,109
São José do Rio Claro,MT,109
Camanducaia,MG,109
Presidente Prudente,SP,108
Jandaia,GO,108
Passos Maia,SC,107
Cotia,SP,107
Munhoz,MG,107
Porto Nacional,TO,107
Nova Campina,SP,107
Panorama,SP,107
Vanini,RS,106
Ouro Verde do Oeste,PR,106
Diamante d'Oeste,PR,106
Itaporã do Tocantins,TO,106
Presidente Figueiredo,AM,106
Relvado,RS,105
Marzagão,GO,105
Ribeirão do Pinhal,PR,105
Herval d'Oeste,SC,105
Mozarlândia,GO,105
Bandeirante,SC,105
Edéia,GO,105
Cabeceira Grande,MG,105
Serrania,MG,104
Vista Gaúcha,RS,104
Hidrolândia,GO,104
Guararapes,SP,104
Goianésia do Pará,PA,104
Diamante do Norte,PR,103
Ernestina,RS,103
São João do Caiuá,PR,103
Vista Alegre,RS,103
Timbó Grande,SC,103
São José do Alegre,MG,103
Lagamar,MG,103
Augusto de Lima,MG,102
Barracão,PR,102
Cristais,MG,101
Pinhal de São Bento,PR,101
Acorizal,MT,101
Capitão Poço,PA,101
Capão Bonito,SP,101
Floresta,PR,101
Comendador Gomes,MG,100
Santa Maria do Oeste,PR,100
Irani,SC,100
Wenceslau Braz,PR,100
Águas de Chapecó,SC,100
Santa Mônica,PR,100
São Roque,SP,99
Santa Cecília do Pavão,PR,99
Ibiraiaras,RS,99
Anhumas,SP,98
Divisa Nova,MG,98
Ouro Verde,SP,98
Álvares Machado,SP,98
Guaíba,RS,98
Campina Verde,MG,98
Lindóia do Sul,SC,97
Xanxerê,SC,97
Três Barras do Paraná,PR,97
Ibiporã,PR,97
São Joaquim,SC,97
Ilópolis,RS,97
Santo Antônio da Platina,PR,97
Pinhal,RS,97
Manoel Ribas,PR,96
Campo Largo,PR,96
Bela Vista do Toldo,SC,96
Rondolândia,MT,96
Morro Agudo de Goiás,GO,96
Espigão d'Oeste,RO,96
Vargem,SP,96
Paraisópolis,MG,96
Missal,PR,96
Cocos,BA,96
Fernandópolis,SP,96
Santa Cecília,SC,95
Alvorada do Sul,PR,95
Nova Araçá,RS,95
Iturama,MG,95
Mormaço,RS,95
Muliterno,RS,94
Bocaiúva do Sul,PR,94
Joviânia,GO,94
São João da Lagoa,MG,94
São Domingos do Sul,RS,93
Guariba,SP,93
Rio Azul,PR,93
Itumbiara,GO,93
Senador Amaral,MG,93
Bom Jesus do Tocantins,TO,93
Barra do Chapéu,SP,93
Alfredo Wagner,SC,93
Virmond,PR,93
Santa Helena,SC,93
São José do Rio Pardo,SP,92
Porteirão,GO,92
Atalaia,PR,92
Forquetinha,RS,92
Engenho Velho,RS,92
Murutinga do Sul,SP,92
Trombas,GO,92
Cerro Grande do Sul,RS,92
Paiçandu,PR,91
Ibiá,MG,91
Gouveia,MG,91
Paulicéia,SP,91
Jussara,PR,90
Mato Rico,PR,90
São José da Boa Vista,PR,90
Rio Branco do Sul,PR,90
São José do Cerrito,SC,90
Maurilândia,GO,89
Minas do Leão,RS,89
Pinheirinho do Vale,RS,89
David Canabarro,RS,88
Tailândia,PA,88
Portel,PA,88
Luís Antônio,SP,88
São Sebastião da Amoreira,PR,88
Vila Bela da Santíssima Trindade,MT,88
Rio Bom,PR,87
Pacaembu,SP,87
Pinhal da Serra,RS,87
Socorro,SP,87
Ramilândia,PR,87
São João Batista do Glória,MG,87
São José das Missões,RS,87
Primeiro de Maio,PR,87
Itapeva,MG,86
Capitão Leônidas Marques,PR,86
Centenário do Sul,PR,86
Figueira,PR,86
Itobi,SP,86
Tambaú,SP,86
Nova Olímpia,PR,86
Nova Guarita,MT,86
Buritirana,MA,85
Borborema,SP,85
Planalto Alegre,SC,85
Guaranésia,MG,84
Nova Erechim,SC,84
Verdelândia,MG,84
Pedra Bela,SP,84
Piratuba,SC,84
Ilha Solteira,SP,84
Taiúva,SP,83
Nova Santa Bárbara,PR,83
Carmo do Rio Claro,MG,83
Clevelândia,PR,83
Rio das Antas,SC,83
Abreulândia,TO,83
Pitangueiras,SP,82
Gameleira de Goiás,GO,82
Maravilha,SC,82
André da Rocha,RS,82
Roca Sales,RS,82
Sertaneja,PR,82
Itajobi,SP,82
Cunha,SP,82
Campos Gerais,MG,81
Vale Verde,RS,81
Igarapé-Miri,PA,81
Bom Jesus de Goiás,GO,81
Pimenta,MG,81
Ipueiras,TO,81
Santo Inácio,PR,81
Nicolau Vergueiro,RS,81
São Roque de Minas,MG,81
Boa Ventura de São Roque,PR,81
Viadutos,RS,81
Buriti Alegre,GO,80
Pereira Barreto,SP,80
Pirassununga,SP,80
Abadia dos Dourados,MG,80
Japira,PR,80
Ribeirãozinho,MT,80
Araçatuba,SP,79
Piracicaba,SP,79
Guareí,SP,79
Natércia,MG,79
Paraíso do Tocantins,TO,78
São Bernardino,SC,78
Três Barras,SC,78
Piedade,SP,78
Tunas do Paraná,PR,78
Borrazópolis,PR,78
Viamão,RS,78
Barão do Triunfo,RS,78
Davinópolis,GO,77
Campanha,MG,77
Santa Terezinha,SC,77
Meridiano,SP,77
Coronel Bicaco,RS,77
Tapira,MG,77
Rio Branco,MT,77
Mimoso de Goiás,GO,77
Bela Vista do Paraíso,PR,77
Água Limpa,GO,77
Tatuí,SP,76
Anita Garibaldi,SC,76
Honório Serpa,PR,75
Xavantina,SC,75
Estrela d'Oeste,SP,75
Itaúna do Sul,PR,75
Cardoso,SP,75
Itaí,SP,74
Cajuru,SP,74
Esperança Nova,PR,73
Taquarituba,SP,73
Pato Branco,PR,73
Ibicaré,SC,73
Barra do Turvo,SP,73
Franca,SP,73
Guaraqueçaba,PR,73
São Pedro,SP,72
Tupirama,TO,72
Sulina,PR,72
Tuntum,MA,71
Arraias,TO,71
Paraguaçu Paulista,SP,71
Riversul,SP,71
Mirador,MA,71
Guabiju,RS,71
Ângulo,PR,71
São Carlos,SP,71
Santo Antônio da Barra,GO,71
Guaporema,PR,71
Vista Alegre do Prata,RS,71
Baependi,MG,71
Quilombo,SC,70
Formosa da Serra Negra,MA,70
Aparecida do Rio Negro,TO,70
Divinolândia,SP,70
Itajubá,MG,70
Monte Castelo,SC,70
Abadiânia,GO,69
Novo Xingu,RS,69
Boa Esperança,MG,69
Morro Agudo,SP,69
Conceição do Tocantins,TO,69
Guaíra,SP,69
Piquete,SP,68
Palmital,SP,68
Cruzeiro do Sul,PR,68
Cacique Doble,RS,68
São Domingos,SC,68
Santa Mariana,PR,68
Itirapina,SP,68
Nova Independência,SP,68
Itaguajé,PR,68
Arabutã,SC,68
Bom Jesus,RS,67
Centralina,MG,67
Santo Antônio do Caiuá,PR,67
Jacuí,MG,67
Passa Quatro,MG,67
Serafina Corrêa,RS,67
Guarujá do Sul,SC,67
Flora Rica,SP,67
Campina do Monte Alegre,SP,67
Platina,SP,67
Jacundá,PA,66
Vargem Bonita,SC,66
Fagundes Varela,RS,66
Leópolis,PR,66
Taciba,SP,66
Sagrada Família,RS,66
Amparo,SP,66
Andirá,PR,65
Mirador,PR,65
Bocaina,SP,65
Alpinópolis,MG,65
Foz do Jordão,PR,65
Vila Nova dos Martírios,MA,65
Vila Maria,RS,65
Espírito Santo do Dourado,MG,64
Monte Alto,SP,64
União de Minas,MG,64
Lajeado do Bugre,RS,64
Cruzeiro,SP,64
Luzerna,SC,64
Reginópolis,SP,63
Jandaia do Sul,PR,63
Major Vieira,SC,63
Santa Helena de Goiás,GO,63
Paraibuna,SP,63
Urupema,SC,63
Taquaritinga,SP,63
Santa Bárbara do Sul,RS,62
Antônio Prado,RS,62
Simolândia,GO,62
São Miguel do Oeste,SC,62
Otacílio Costa,SC,62
Muzambinho,MG,62
Araraquara,SP,62
Assis,SP,62
Ibitinga,SP,62
Barra Funda,RS,62
Videira,SC,61
Rebouças,PR,61
Espumoso,RS,61
Jaguapitã,PR,61
Jacarezinho,PR,61
Monte Castelo,SP,61
Lavínia,SP,61
São Jorge,RS,61
Capão Bonito do Sul,RS,61
Canudos do Vale,RS,61
Miguelópolis,SP,61
Iacanga,SP,61
Iepê,SP,61
Ananindeua,PA,61
Britânia,GO,60
Engenheiro Navarro,MG,60
Miravânia,MG,60
Aurora do Pará,PA,60
Ipiranga de Goiás,GO,60
Paranapanema,SP,60
Pirangi,SP,60
Maracaí,SP,60
Barra do Guarita,RS,60
Arapeí,SP,60
Imbaú,PR,59
Palestina,SP,59
Abatiá,PR,59
Espigão Alto do Iguaçu,PR,59
Valparaíso,SP,59
Guatapará,SP,58
Iperó,SP,58
Rio Negro,PR,58
Mogi das Cruzes,SP,58
Curitibanos,SC,58
Sério,RS,58
Saudade do Iguaçu,PR,58
Catanduvas,SC,58
Santa Albertina,SP,58
Populina,SP,58
Pouso Alto,MG,58
Três Arroios,RS,58
Charrua,RS,58
Votorantim,SP,57
Parauapebas,PA,57
Angelina,SC,57
São Simão,SP,57
Cafelândia,SP,57
Lucélia,SP,57
Echaporã,SP,57
Estrela do Sul,MG,57
Califórnia,PR,57
Capitão,RS,56
Urucará,AM,56
Itapirapuã,GO,56
Riolândia,SP,56
Aruanã,GO,56
Ariranha do Ivaí,PR,56
Votuporanga,SP,56
São Marcos,RS,56
Cruz Alta,RS,56
Sul Brasil,SC,56
Rio Negrinho,SC,56
Fazenda Nova,GO,55
Grajaú,MA,55
Faxinal dos Guedes,SC,55
Santa Isabel,SP,55
Tomazina,PR,55
Toledo,MG,55
Nhandeara,SP,55
Farroupilha,RS,55
Gaurama,RS,55
Paim Filho,RS,55
Itatiba,SP,54
Sarapuí,SP,54
Ipixuna do Pará,PA,54
Lavras,MG,54
Valentim Gentil,SP,54
Cordilheira Alta,SC,54
Guaratinguetá,SP,54
Pinheiro Preto,SC,53
Ubatuba,SP,53
Grupiara,MG,53
Mairinque,SP,53
Correia Pinto,SC,53
União da Serra,RS,53
Mateiros,TO,53
Presidente Castelo Branco,PR,53
Consolação,MG,53
Nova Olinda do Norte,AM,52
Novo Horizonte do Oeste,RO,52
Estrela,RS,52
Paraíso,SC,51
Manoel Urbano,AC,51
Itaporanga,SP,51
Marcelino Ramos,RS,51
Marília,SP,51
Macedônia,SP,51
Iguatu,PR,51
Corumbataí do Sul,PR,51
Ouroeste,SP,51
Estrela do Norte,SP,51
Uberlândia,MG,51
Santa Cruz do Sul,RS,51
Arapuã,PR,50
São João do Carú,MA,50
Santana do Itararé,PR,50
São Mateus do Sul,PR,50
Olímpio Noronha,MG,50
Serra Alta,SC,50
Patrocínio Paulista,SP,50
Juarina,TO,49
Regente Feijó,SP,49
Lambari,MG,49
Ibiam,SC,49
Flórida,PR,49
Taubaté,SP,49
Batatais,SP,49
Anamã,AM,49
Terra Nova do Norte,MT,49
Cafeara,PR,49
São José das Palmeiras,PR,49
Pains,MG,48
Firminópolis,GO,48
União da Vitória,PR,48
Narandiba,SP,48
Não-Me-Toque,RS,48
Caldas Novas,GO,48
Monte Negro,RO,48
Capinzal,SC,48
Indiaporã,SP,48
Guapiara,SP,48
Porecatu,PR,47
Tuiuti,SP,47
Ibitiúra de Minas,MG,47
Santa Cruz do Rio Pardo,SP,47
Bom Sucesso do Sul,PR,47
Limeira,SP,47
Braga,RS,47
Iracema do Oeste,PR,47
Inajá,PR,47
São Pedro dos Crentes,MA,47
Cunhataí,SC,47
Porto Ferreira,SP,47
Sítio Novo,MA,47
Rio da Conceição,TO,47
Santa Adélia,SP,47
Lajeado,TO,47
Carlópolis,PR,47
Cumari,GO,47
Nova Santa Rosa,PR,47
Boa Vista,RR,47
Mãe do Rio,PA,47
Maripá,PR,47
Arapoema,TO,46
Itu,SP,46
Vitória Brasil,SP,46
Fraiburgo,SC,46
Pinhalzinho,SC,46
Lagoa Santa,GO,46
Doutor Camargo,PR,46
Ouro Verde,SC,45
São João da Urtiga,RS,45
Camargo,RS,45
Carinhanha,BA,45
Braço do Norte,SC,45
Vila Flores,RS,45
Doutor Ricardo,RS,45
Rancho Queimado,SC,45
Campinorte,GO,45
Pontes E Lacerda,MT,45
Capinópolis,MG,45
Irapuru,SP,45
Tupanci do Sul,RS,44
Itapura,SP,44
Jales,SP,44
Angra dos Reis,RJ,44
Ponte Alta,SC,44
Macieira,SC,44
Leoberto Leal,SC,44
Ribeirão Preto,SP,44
Porteirinha,MG,44
Uruaçu,GO,44
Bom Jardim da Serra,SC,44
Carvalhópolis,MG,44
Nova Europa,SP,43
Carlos Gomes,RS,43
Erval Velho,SC,43
Cerro Negro,SC,43
Alto Paraíso,RO,43
Sertãozinho,SP,43
Arvoredo,SC,43
Porto Feliz,SP,43
Campinas,SP,43
Pederneiras,SP,43
Salto de Pirapora,SP,42
Nova Resende,MG,42
Brunópolis,SC,42
Marmelópolis,MG,42
Bálsamo,SP,42
Imaruí,SC,42
Jaciara,MT,42
Santa Amélia,PR,42
São Pedro da Cipa,MT,42
Lupionópolis,PR,42
Almas,TO,41
Córrego do Bom Jesus,MG,41
Anitápolis,SC,41
Tabapuã,SP,41
Palmeira d'Oeste,SP,41
Santa Clara do Sul,RS,41
Boa Esperança do Sul,SP,41
Monte Aprazível,SP,41
Conceição do Rio Verde,MG,41
Santa Rita do Tocantins,TO,41
Jardim Olinda,PR,41
Juquiá,SP,41
Morungaba,SP,40
Wenceslau Braz,MG,40
Três Pontas,MG,40
Paraty,RJ,40
Lorena,SP,40
Floreal,SP,40
Caiabu,SP,40
Plácido de Castro,AC,40
Pradópolis,SP,40
Tupanciretã,RS,40
Rinópolis,SP,40
Santo Antônio do Pinhal,SP,40
Itapira,SP,40
Tupi Paulista,SP,40
Perdões,MG,40
Amorinópolis,GO,40
Ouro Fino,MG,40
Campina Grande do Sul,PR,40
São João da Paraúna,GO,39
Salesópolis,SP,39
Taguatinga,TO,39
Marapoama,SP,39
Monte Alegre dos Campos,RS,39
Olímpia,SP,39
Aveiro,PA,39
Santa Inês,PR,39
Cristalândia,TO,39
Cana Verde,MG,39
Ipuã,SP,38
Parecis,RO,38
Agrolândia,SC,38
Mallet,PR,38
Cristais Paulista,SP,38
Fartura,SP,38
Canela,RS,38
Cotiporã,RS,38
Rio Pardo,RS,38
Mococa,SP,38
Triunfo,RS,38
Jesuânia,MG,38
Cristina,MG,38
Kaloré,PR,37
Aurilândia,GO,37
Babaçulândia,TO,37
Santana de Parnaíba,SP,37
Cambará,PR,37
Brasilândia do Tocantins,TO,37
Barra do Jacaré,PR,37
Parapuã,SP,37
Três Corações,MG,37
Monteiro Lobato,SP,37
Orleans,SC,37
Rio Fortuna,SC,37
Mogi Mirim,SP,37
Montauri,RS,37
Araçoiaba da Serra,SP,37
Monsenhor Paulo,MG,37
Paraíso do Norte,PR,37
Potirendaba,SP,37
Castelândia,GO,37
Ribeira,SP,37
Salmourão,SP,37
Marianópolis do Tocantins,TO,37
Araguapaz,GO,37
Guamiranga,PR,36
Conceição da Aparecida,MG,36
Ivatuba,PR,36
Itapejara d'Oeste,PR,36
Vespasiano Corrêa,RS,36
Mercedes,PR,36
Janaúba,MG,36
Mariápolis,SP,36
Alto Bela Vista,SC,36
Carlos Barbosa,RS,36
Tamboara,PR,36
Cananéia,SP,36
Ribeirão Claro,PR,36
Floriano Peixoto,RS,36
São João das Duas Pontes,SP,36
Nova Alvorada,RS,36
Piacatu,SP,36
Antonina,PR,36
São Bento do Sul,SC,36
Quitandinha,PR,35
Nova Petrópolis,RS,35
Barretos,SP,35
Ibirubá,RS,35
Cônego Marinho,MG,35
Jauru,MT,35
Andradas,MG,35
Coração de Jesus,MG,35
Piranguçu,MG,35
Flores da Cunha,RS,35
Caçapava,SP,35
Magda,SP,35
Vargem,SC,35
São Bernardo do Campo,SP,35
Paranã,TO,34
Auriflama,SP,34
Mariano Moro,RS,34
Zortéa,SC,34
Jaú,SP,34
Caieiras,SP,34
Descalvado,SP,34
Ipuaçu,SC,34
Paial,SC,34
Entre Rios,SC,34
Osvaldo Cruz,SP,34
Jataizinho,PR,34
Cachoeira do Piriá,PA,34
Itambaracá,PR,34
Bandeira do Sul,MG,34
São Francisco de Sales,MG,34
Tarumã,SP,34
Palmares do Sul,RS,33
Pacajá,PA,33
Ibiraci,MG,33
Tomé-Açu,PA,33
Lagoa dos Patos,MG,33
Tanabi,SP,33
Indiara,GO,33
Conceição das Pedras,MG,33
Colina,SP,33
Cajamar,SP,33
Quatro Pontes,PR,33
Nova Roma do Sul,RS,33
Lins,SP,33
Vidal Ramos,SC,33
Ribeirão dos Índios,SP,33
Mirassol,SP,33
Itati,RS,33
Aparecida do Rio Doce,GO,32
Jundiaí do Sul,PR,32
Cezarina,GO,32
Silveiras,SP,32
São Sebastião do Rio Verde,MG,32
Taquaral,SP,32
São Manoel do Paraná,PR,32
Santa Lúcia,PR,32
Vargem Bonita,MG,32
Áurea,RS,32
Condor,RS,32
Florínea,SP,32
Franco da Rocha,SP,32
São João do Triunfo,PR,31
Ouro,SC,31
Campo Florido,MG,31
Guará,SP,31
João Ramalho,SP,31
Bom Jesus do Oeste,SC,31
Quatá,SP,31
Tigrinhos,SC,31
Grão-Pará,SC,31
Virgínia,MG,31
Nova Aliança do Ivaí,PR,31
Entre Rios do Oeste,PR,31
Guaraci,PR,31
Nova América da Colina,PR,31
Lassance,MG,31
Taquarivaí,SP,31
Bom Jesus dos Perdões,SP,31
Cravinhos,SP,31
Imigrante,RS,31
Pirajuí,SP,30
Turvelândia,GO,30
Pedreira,SP,30
Ituporanga,SC,30
Juquitiba,SP,30
Araucária,PR,30
Barreiras,BA,30
Pirapora do Bom Jesus,SP,30
Novo Horizonte,SC,30
Paranapuã,SP,30
Panambi,RS,30
Santa Rita d'Oeste,SP,30
Fortaleza dos Valos,RS,30
Santo Augusto,RS,30
Severiano de Almeida,RS,30
Santo Antônio das Missões,RS,30
Munhoz de Melo,PR,30
Tarabai,SP,30
Macapá,AP,30
Arenópolis,GO,30
Campos Belos,GO,30
Cambará do Sul,RS,30
Santa Mercedes,SP,30
Palminópolis,GO,29
Bom Jesus da Penha,MG,29
São Simão,GO,29
Bocaina do Sul,SC,29
Santa Bárbara do Pará,PA,29
Nossa Senhora das Graças,PR,29
Coronel Macedo,SP,29
Rancho Alegre,PR,29
Maquiné,RS,29
Pato Bragado,PR,29
Alumínio,SP,29
Serra Azul,SP,29
Maximiliano de Almeida,RS,29
Embu das Artes,SP,29
Capetinga,MG,29
Tijucas do Sul,PR,29
São Sebastião da Grama,SP,29
São Bonifácio,SC,29
Mogi Guaçu,SP,29
Rio Quente,GO,29
Rifaina,SP,29
Suzanápolis,SP,28
Campo do Tenente,PR,28
Campo Novo,RS,28
Leme,SP,28
Natividade da Serra,SP,28
União do Oeste,SC,28
Cachoeira Paulista,SP,28
Rio Claro,SP,28
Itatinga,SP,28
São João do Pau d'Alho,SP,28
Pompéu,MG,28
Cidelândia,MA,28
Tonantins,AM,28
Vargem Grande Paulista,SP,28
Protásio Alves,RS,28
Centenário,RS,28
Bariri,SP,28
Lagoa dos Três Cantos,RS,28
São Tomé das Letras,MG,27
Tapera,RS,27
Limeira do Oeste,MG,27
Ipiaçu,MG,27
Mariópolis,PR,27
Cromínia,GO,27
Piçarra,PA,27
Godoy Moreira,PR,27
São Sebastião da Bela Vista,MG,27
Porto Alegre,RS,27
Adolfo,SP,27
Nova Pádua,RS,27
Agudos,SP,27
Salto do Itararé,PR,27
Barão de Antonina,SP,27
Sabino,SP,27
Catanduva,SP,27
Santa Fé do Sul,SP,27
Campos Novos Paulista,SP,27
Buritizal,SP,27
Ribeirão Bonito,SP,27
Águas Frias,SC,27
Barros Cassal,RS,27
Quadra,SP,27
Rio do Campo,SC,27
Mauá,SP,27
Motuca,SP,27
Lajeado Grande,SC,27
Galvão,SC,27
Anahy,PR,27
Urutaí,GO,27
Flor do Sertão,SC,26
Pindamonhangaba,SP,26
Iomerê,SC,26
Novo Itacolomi,PR,26
Bela Vista de Goiás,GO,26
Santa Cruz da Conceição,SP,26
Mato Leitão,RS,26
Luís Eduardo Magalhães,BA,26
Biritiba Mirim,SP,26
Bento Gonçalves,RS,26
Jundiaí,SP,26
Atalaia do Norte,AM,26
Coronel Martins,SC,26
Vicentinópolis,GO,26
Uraí,PR,26
Indaiatuba,SP,26
Balsa Nova,PR,26
Antônio Olinto,PR,26
Jacupiranga,SP,26
Rio Rufino,SC,26
Ijuí,RS,26
Jupiá,SC,26
Prado Ferreira,PR,26
Paranapoema,PR,26
Porto Vitória,PR,26
Botucatu,SP,26
Irati,SC,25
Marumbi,PR,25
Barra do Corda,MA,25
Jussara,GO,25
Várzea da Palma,MG,25
Eldorado,SP,25
São Pedro do Turvo,SP,25
Tupã,SP,25
Taguaí,SP,25
Pontal,SP,25
General Salgado,SP,25
Colinas,RS,25
Ocauçu,SP,25
São Luiz Gonzaga,RS,25
Marema,SC,25
Ariranha,SP,25
Águas Mornas,SC,24
Palmeiras de Goiás,GO,24
Paulo Lopes,SC,24
Lavandeira,TO,24
Vera Cruz,SP,24
Colombo,PR,24
Cambuquira,MG,24
Itapevi,SP,24
Rio das Pedras,SP,24
Guzolândia,SP,24
Campos do Jordão,SP,24
Giruá,RS,24
Passo do Sobrado,RS,24
Santo Expedito do Sul,RS,24
Três Cachoeiras,RS,24
Três Passos,RS,24
Frutal,MG,24
Conceição do Mato Dentro,MG,24
Barrolândia,TO,24
Capela do Alto,SP,24
Jaquirana,RS,24
Araçariguama,SP,24
Cruzeiro do Sul,RS,24
Caseara,TO,23
Sud Mennucci,SP,23
Amarante do Maranhão,MA,23
Muricilândia,TO,23
Marituba,PA,23
Colorado do Oeste,RO,23
Jaraguá,GO,23
Brasília,DF,23
Candeias,MG,23
Guaxupé,MG,23
Uchoa,SP,23
Garrafão do Norte,PA,23
São Miguel das Missões,RS,23
Cabreúva,SP,23
Presidente Castello Branco,SC,23
Novais,SP,23
Santo Antônio da Patrulha,RS,23
Terra de Areia,RS,23
Teutônia,RS,23
Dourado,SP,23
Dois Lajeados,RS,23
Iguape,SP,23
Pompéia,SP,23
Campo Alegre,SC,23
Dois Córregos,SP,23
Indiana,SP,23
Vargeão,SC,23
Santo Amaro da Imperatriz,SC,23
Pauini,AM,23
Cachoeira do Arari,PA,22
Promissão,SP,22
Urucurituba,AM,22
Careiro da Várzea,AM,22
Salto Veloso,SC,22
Chapadão do Lageado,SC,22
Celso Ramos,SC,22
Boa Vista do Incra,RS,22
Lagoa Dourada,MG,22
Fátima,TO,22
Jaborandi,SP,22
Itaquaquecetuba,SP,22
Cajobi,SP,22
Bom Sucesso de Itararé,SP,22
Altair,SP,22
Santa Clara d'Oeste,SP,22
Monte Carlo,SC,22
Joinville,SC,22
Curitiba,PR,22
Chavantes,SP,22
Emilianópolis,SP,22
Coronel Pilar,RS,22
Três Fronteiras,SP,21
Pedranópolis,SP,21
Guararema,SP,21
Rubiácea,SP,21
Barão,RS,21
Fortaleza de Minas,MG,21
Paula Freitas,PR,21
Sete Barras,SP,21
Suzano,SP,21
Barreiras do Piauí,PI,21
São José dos Ausentes,RS,21
Santo Ângelo,RS,21
Itanhandu,MG,21
Itamonte,MG,21
Jardinópolis,SP,21
São Miguel da Boa Vista,SC,21
José Bonifácio,SP,21
Formoso,GO,21
Cosmópolis,SP,21
Rio Claro,RJ,21
Porto Amazonas,PR,21
Uniflor,PR,21
Muçum,RS,21
Bento de Abreu,SP,21
Santo Antônio do Aracanguá,SP,21
Esperança do Sul,RS,21
São Pedro da União,MG,21
Três Forquilhas,RS,21
Paulo Frontin,PR,21
Salto do Jacuí,RS,21
Siqueira Campos,PR,21
Pratápolis,MG,20
Charqueadas,RS,20
Gavião Peixoto,SP,20
Itapiranga,AM,20
Brasilândia de Minas,MG,20
Manga,MG,20
Piraju,SP,20
Alterosa,MG,20
Itanhaém,SP,20
São Borja,RS,20
Campo Magro,PR,20
São José do Barreiro,SP,20
Miraselva,PR,20
Piumhi,MG,20
Senador La Rocque,MA,20
Feira Nova do Maranhão,MA,20
Olhos-D'água,MG,20
Santa Rosa de Viterbo,SP,20
São Francisco de Paula,MG,20
Santo Antônio da Alegria,SP,20
São Miguel do Passa Quatro,GO,20
Borebi,SP,20
Rio Branco,AC,19
Álvares Florence,SP,19
Monte Mor,SP,19
Lagoinha,SP,19
Arroio Trinta,SC,19
Ceres,GO,19
Congonhas,MG,19
Perdizes,MG,19
Conceição das Alagoas,MG,19
Santa Lúcia,SP,19
Taboão da Serra,SP,19
Braço do Trombudo,SC,19
Doutor Maurício Cardoso,RS,19
Sales Oliveira,SP,19
Sebastianópolis do Sul,SP,19
Pitangueiras,PR,19
São Gonçalo do Abaeté,MG,19
Boa Vista do Sul,RS,19
Novo Horizonte do Norte,MT,19
Maria da Fé,MG,19
Rubinéia,SP,19
Bom Jardim,MA,19
Aurora do Tocantins,TO,19
Ajuricaba,RS,19
Itapagipe,MG,19
Itaoca,SP,18
Jacutinga,MG,18
Rincão,SP,18
Ipira,SC,18
Itamogi,MG,18
Mocajuba,PA,18
Lavrinhas,SP,18
Bocaina de Minas,MG,18
Palmeira,SC,18
Nantes,SP,18
Bady Bassitt,SP,18
Penápolis,SP,18
Pinto Bandeira,RS,18
Posse,GO,18
Avaré,SP,18
Alambari,SP,18
Bertioga,SP,18
Aguaí,SP,18
Jóia,RS,18
Sagres,SP,18
Santa Cruz da Esperança,SP,18
Garça,SP,18
Cruzália,SP,18
Santa Rosa,RS,18
Lutécia,SP,18
Santa Rosa de Lima,SC,18
Gravataí,RS,18
Santa Luzia do Pará,PA,18
Macaubal,SP,18
Oiapoque,AP,18
Itapecerica da Serra,SP,17
Mira Estrela,SP,17
Modelo,SC,17
Três de Maio,RS,17
Iacri,SP,17
São Lourenço,MG,17
Porto Acre,AC,17
São Lourenço da Serra,SP,17
Osório,RS,17
Araras,SP,17
Redenção da Serra,SP,17
Boqueirão do Leão,RS,17
Restinga,SP,17
Cosmorama,SP,16
Corupá,SC,16
Campo do Meio,MG,16
Caxambu,MG,16
São Martinho,SC,16
Itaju,SP,16
Boa Vista do Cadeado,RS,16
Mandirituba,PR,16
Ribeirão Grande,SP,16
Joaquim Felício,MG,16
São Cristóvão do Sul,SC,16
Benevides,PA,16
Bossoroca,RS,16
Jacuizinho,RS,16
Varginha,MG,16
Cacaulândia,RO,16
Garibaldi,RS,16
Patos de Minas,MG,16
Embu-Guaçu,SP,16
Westfália,RS,16
Jardinópolis,SC,16
Montenegro,RS,16
Pimenta Bueno,RO,16
São João das Missões,MG,16
Novo Hamburgo,RS,16
Frei Rogério,SC,15
Cachoeira Dourada,GO,15
Santiago do Sul,SC,15
Morretes,PR,15
Agudos do Sul,PR,15
Monte Azul Paulista,SP,15
Arujá,SP,15
Pedras de Maria da Cruz,MG,15
Petrolândia,SC,15
Sapiranga,RS,15
Entre-Ijuís,RS,15
São Valentim do Sul,RS,15
Colorado,RS,15
Catuípe,RS,15
Fernando Prestes,SP,15
Águas de Santa Bárbara,SP,15
Capivari,SP,15
Ibaté,SP,15
Timburi,SP,15
Crissiumal,RS,15
Ipaussu,SP,15
Tietê,SP,15
Vale de São Domingos,MT,15
Igarapava,SP,15
Ilicínea,MG,15
Araporã,MG,15
Vitor Meireles,SC,15
Vista Alegre do Alto,SP,15
Miracatu,SP,15
Lençóis Paulista,SP,15
Melgaço,PA,15
Edealina,GO,15
Monte Santo do Tocantins,TO,15
Itapuranga,GO,14
Divinópolis de Goiás,GO,14
Joaquim Távora,PR,14
Guaraci,SP,14
Taipas do Tocantins,TO,14
Icém,SP,14
Iaras,SP,14
Canoas,RS,14
Paulo de Faria,SP,14
Rio do Oeste,SC,14
Augusto Pestana,RS,14
Alecrim,RS,14
Aragominas,TO,14
Treze Tílias,SC,14
Santa Izabel do Pará,PA,14
São Patrício,GO,14
Tuparendi,RS,14
Getulina,SP,14
Porangaba,SP,14
Serra do Salitre,MG,14
Santo Cristo,RS,14
Major Gercino,SC,14
Sarutaiá,SP,14
Saldanha Marinho,RS,14
Volta Redonda,RJ,14
Paranaguá,PR,14
Virgem da Lapa,MG,14
Braúna,SP,14
São João de Iracema,SP,14
Formosa do Sul,SC,14
Peruíbe,SP,14
Jaupaci,GO,14
Amajari,RR,14
Jaboti,PR,14
Pirenópolis,GO,14
Gravatal,SC,13
Conselheiro Mairinck,PR,13
Trombudo Central,SC,13
Aparecida d'Oeste,SP,13
Novo Machado,RS,13
Inimutaba,MG,13
Paraíso,SP,13
Tremembé,SP,13
São Vicente,SP,13
Inúbia Paulista,SP,13
Rolante,RS,13
Tunas,RS,13
Guaiçara,SP,13
Santa Bárbara d'Oeste,SP,13
São Francisco do Sul,SC,13
Jaraguá do Sul,SC,13
Dona Emma,SC,13
Agronômica,SC,13
Guapiaçu,SP,13
Taiaçu,SP,13
Jenipapo dos Vieiras,MA,13
Capivari do Sul,RS,13
Ibirarema,SP,13
Alfredo Marcondes,SP,13
Macatuba,SP,13
Dolcinópolis,SP,13
Itaperuçu,PR,12
Itacurubi,RS,12
Jambeiro,SP,12
Arealva,SP,12
Grão Mogol,MG,12
Ibiaí,MG,12
Torrinha,SP,12
Barra Bonita,SC,12
Valinhos,SP,12
Lauro Müller,SC,12
Nova Aliança,SP,12
Sede Nova,RS,12
Santa Maria do Tocantins,TO,12
Xambioá,TO,12
Aspásia,SP,12
Quintana,SP,12
Nova América,GO,12
Almirante Tamandaré,PR,12
Taquari,RS,12
Ponte Alta do Norte,SC,12
São Romão,MG,12
Gramado,RS,12
Barrinha,SP,12
Montes Claros,MG,12
Governador Newton Bello,MA,12
Horizontina,RS,12
Novo Alegre,TO,12
Apiúna,SC,12
Herculândia,SP,12
Tejupá,SP,12
Pejuçara,RS,12
Ituverava,SP,11
Monte Alegre do Sul,SP,11
Jarinu,SP,11
Pindorama,SP,11
Sena Madureira,AC,11
Barroso,MG,11
Malhada,BA,11
Jeriquara,SP,11
Nova Ramada,RS,11
Independência,RS,11
Mombuca,SP,11
Benedito Novo,SC,11
Porto de Moz,PA,11
Anápolis,GO,11
Cachoeira de Goiás,GO,11
Arceburgo,MG,11
Ourinhos,SP,11
Bozano,RS,11
Pedrinhas Paulista,SP,11
Parisi,SP,11
Rio dos Cedros,SC,11
Aramina,SP,11
Birigui,SP,11
Ribeirão Pires,SP,11
Wanderlândia,TO,11
Alagoa,MG,11
Cândido Rodrigues,SP,11
Capão da Canoa,RS,11
Ipeúna,SP,11
São José dos Pinhais,PR,11
Portão,RS,11
Catiguá,SP,11
Darcinópolis,TO,11
Gabriel Monteiro,SP,11
Ferraz de Vasconcelos,SP,11
Garruchos,RS,11
Ribeirão Vermelho,MG,11
São Pedro da Serra,RS,11
Chiapetta,RS,11
Embaúba,SP,11
Torres,RS,11
Capitão Enéas,MG,11
Lacerdópolis,SC,11
Jaguaruna,SC,11
Pontalinda,SP,11
Dumont,SP,11
Breu Branco,PA,11
Lupércio,SP,11
São José do Rio Preto,SP,11
Nipoã,SP,10
São Joaquim da Barra,SP,10
Praia Grande,SC,10
Araquari,SC,10
Zé Doca,MA,10
Colômbia,SP,10
Charqueada,SP,10
Tiradentes do Sul,RS,10
Itajaí,SC,10
Pongaí,SP,10
Feliz,RS,10
Cametá,PA,10
Carmo da Cachoeira,MG,10
Moeda,MG,10
Quinze de Novembro,RS,10
Barra Mansa,RJ,10
Resende,RJ,10
Caraguatatuba,SP,10
Nova Santa Rita,RS,10
Neves Paulista,SP,10
Atalanta,SC,10
Taió,SC,10
Viradouro,SP,10
Barbacena,MG,10
Tubarão,SC,10
Aloândia,GO,10
Santo Expedito,SP,10
Bom Princípio,RS,10
Júlio de Castilhos,RS,10
São Martinho,RS,10
São Leopoldo,RS,10
Santa Maria do Herval,RS,10
Riozinho,RS,10
Iracemápolis,SP,10
Ribeirão do Sul,SP,10
Severínia,SP,10
Cândido Godói,RS,10
Saltinho,SP,10
São Tomás de Aquino,MG,10
Vitória das Missões,RS,10
Pontes Gestal,SP,10
Pouso Redondo,SC,9
Selbach,RS,9
Nova Canaã Paulista,SP,9
Sinimbu,RS,9
Montalvânia,MG,9
Colinas,MA,9
Santana da Ponte Pensa,SP,9
Jaci,SP,9
Bofete,SP,9
Osasco,SP,9
Senador José Porfírio,PA,9
Americana,SP,9
Queluz,SP,9
Novo Repartimento,PA,9
Santópolis do Aguapeí,SP,9
Dom Eliseu,PA,9
Viseu,PA,9
Ubirajara,SP,9
Mongaguá,SP,9
Nova Trento,SC,9
Glorinha,RS,9
Campina das Missões,RS,9
Rio do Sul,SC,9
Sumaré,SP,9
Cerro Largo,RS,9
Fortaleza dos Nogueiras,MA,9
Doutor Pedrinho,SC,9
Cantá,RR,9
Iranduba,AM,9
Brumadinho,MG,9
Curionópolis,PA,9
Clementina,SP,9
Picada Café,RS,9
Serra Negra,SP,9
Guarantã,SP,9
Guarani das Missões,RS,9
Salvador do Sul,RS,9
Guaimbê,SP,9
Espírito Santo do Turvo,SP,9
Pirapora,MG,9
Tucunduva,RS,9
Serrana,SP,9
Capão do Cipó,RS,9
Peritiba,SC,8
Couto de Magalhães de Minas,MG,8
Córrego Fundo,MG,8
Guaratuba,PR,8
Dom Viçoso,MG,8
Areias,SP,8
Israelândia,GO,8
Bujaru,PA,8
Praia Grande,SP,8
Nova Guataporanga,SP,8
Zacarias,SP,8
Florianópolis,SC,8
Feijó,AC,8
São Sebastião do Caí,RS,8
Coroados,SP,8
Palestina do Pará,PA,8
Santos,SP,8
Morro Reuter,RS,8
Presidente Nereu,SC,8
Uru,SP,8
Anhembi,SP,8
Laguna,SC,8
Palmeiras do Tocantins,TO,8
Poço das Antas,RS,8
Capela de Santana,RS,8
Santa Gertrudes,SP,8
Aiuruoca,MG,8
Santa Tereza,RS,8
Salto Grande,SP,8
Ubiretama,RS,8
Tupandi,RS,8
Sales,SP,8
Santa Branca,SP,8
Paulínia,SP,8
Iguatama,MG,8
Arandu,SP,8
Ibirama,SC,8
Claraval,MG,7
Pacaraima,RR,7
Anapu,PA,7
Professor Jamil,GO,7
Camboriú,SC,7
Onda Verde,SP,7
Estrela Velha,RS,7
Jacinto Machado,SC,7
São João do Sul,SC,7
Bonfim,MG,7
São José do Hortêncio,RS,7
São João da Baliza,RR,7
São Nicolau,RS,7
Três Coroas,RS,7
Santa Tereza do Tocantins,TO,7
Coronel Barros,RS,7
Abdon Batista,SC,7
Itaipava do Grajaú,MA,7
Piên,PR,7
Formosa do Rio Preto,BA,7
Paverama,RS,7
Lagoão,RS,7
Boa Vista do Buricá,RS,7
Santa Cruz das Palmeiras,SP,7
Caraá,RS,7
Presidente Kennedy,TO,7
Rosário do Sul,RS,7
Roque Gonzales,RS,7
Santo Antônio de Posse,SP,7
Açailândia,MA,7
Piraquara,PR,7
Carapicuíba,SP,7
Pedro de Toledo,SP,7
Iuiu,BA,7
Pardinho,SP,7
Arco-Íris,SP,7
Antônio Carlos,MG,7
Alto Alegre,SP,7
Buritama,SP,7
Alto Alegre,RS,7
Imbituba,SC,7
Imbuia,SC,7
Blumenau,SC,7
Urânia,SP,7
Avanhandava,SP,7
Barra Bonita,SP,7
Quatro Barras,PR,7
Armazém,SC,7
Tijucas,SC,7
Mesópolis,SP,7
Pescaria Brava,SC,7
Ariquemes,RO,7
Presidente Médici,RO,6
Uruana,GO,6
Santa Maria da Vitória,BA,6
Nova Lima,MG,6
Cerqueira César,SP,6
Boituva,SP,6
Bauru,SP,6
Canas,SP,6
Bernardino de Campos,SP,6
Ulianópolis,PA,6
Pinhal Grande,RS,6
Porto Lucena,RS,6
Dezesseis de Novembro,RS,6
Eugênio de Castro,RS,6
Estância Velha,RS,6
Humaitá,RS,6
Balneário Barra do Sul,SC,6
Betim,MG,6
Quatiguá,PR,6
Guapirama,PR,6
Rio Grande da Serra,SP,6
Santa Salete,SP,6
Santa Maria da Serra,SP,6
São Sebastião,SP,6
Taquara,RS,6
Senador Salgado Filho,RS,6
Pinhais,PR,6
Paulistânia,SP,6
Indiavaí,MT,6
Palmares Paulista,SP,6
Piratininga,SP,6
Glicério,SP,6
Dianópolis,TO,6
Crixás do Tocantins,TO,6
Dirce Reis,SP,6
Elisiário,SP,6
Caibaté,RS,6
Santa Juliana,MG,6
Pratinha,MG,6
Pirajuba,MG,6
Santa Fé de Minas,MG,6
Massaranduba,SC,6
São José do Inhacorá,RS,6
Salvador das Missões,RS,6
Garopaba,SC,6
Presidente Getúlio,SC,6
Urussanga,SC,6
Turvo,SC,5
Gaspar,SC,5
Linha Nova,RS,5
Gramado Xavier,RS,5
Balneário Pinhal,RS,5
Bilac,SP,5
Itamarati,AM,5
Avaí,SP,5
Boca do Acre,AM,5
Águas da Prata,SP,5
Prainha,PA,5
Anhanguera,GO,5
Ananás,TO,5
Nova Porteirinha,MG,5
Cordeirópolis,SP,5
São Ludgero,SC,5
Balneário Piçarras,SC,5
Itapoá,SC,5
São João del Rei,MG,5
Canitar,SP,5
Santo Antônio do Tauá,PA,5
Bom Retiro do Sul,RS,5
Bom Progresso,RS,5
Campos Borges,RS,5
Palmelo,GO,5
Campo Bom,RS,5
Contenda,PR,5
Jeceaba,MG,5
São Manuel,SP,5
Januária,MG,5
Rafard,SP,5
São Francisco,SP,5
Mampituba,RS,5
Arroio do Sal,RS,5
Alto Feliz,RS,5
Mato Queimado,RS,5
São Valério do Sul,RS,5
Bom Jesus,SC,5
São Paulo das Missões,RS,5
Aguanil,MG,5
Aurora,SC,5
Estiva Gerbi,SP,5
Registro,SP,5
Salto,SP,5
Santo André,SP,5
Pratânia,SP,5
Luiziânia,SP,5
Pariquera-Açu,SP,5
Poloni,SP,5
Lindóia,SP,5
Guarani d'Oeste,SP,5
Nova Castilho,SP,5
Itariri,SP,5
Cidreira,RS,5
Palestina de Goiás,GO,5
Cedral,SP,4
Cajati,SP,4
Chapada de Areia,TO,4
Campo Belo,MG,4
Eldorado do Carajás,PA,4
Barueri,SP,4
Iporá,GO,4
Américo Brasiliense,SP,4
Américo de Campos,SP,4
Analândia,SP,4
Águas de Lindóia,SP,4
Itatiaia,RJ,4
Alto Alegre,RR,4
Alvinlândia,SP,4
Dueré,TO,4
Gália,SP,4
Marinópolis,SP,4
Guarujá,SP,4
Irapuã,SP,4
Ubarana,SP,4
Urupês,SP,4
Luminárias,MG,4
Oscar Bressane,SP,4
Pindorama do Tocantins,TO,4
Pugmil,TO,4
Belo Horizonte,MG,4
Nova Granada,SP,4
Riachinho,TO,4
Presidente Alves,SP,4
Juvenília,MG,4
Tasso Fragoso,MA,4
Tramandaí,RS,4
Sete de Setembro,RS,4
Trabiju,SP,4
Vale Real,RS,4
Schroeder,SC,4
Pomerode,SC,4
Nova Veneza,SC,4
Passa Sete,RS,4
Entre Rios de Minas,MG,4
São Gabriel,RS,4
Santiago,RS,4
José Boiteux,SC,4
Guaramirim,SC,4
Água Comprida,MG,4
Luiz Alves,SC,4
Porto Mauá,RS,4
Rolador,RS,4
Segredo,RS,4
Morrinhos do Sul,RS,4
Pirapó,RS,4
Lontras,SC,4
Navegantes,SC,4
Morro Grande,SC,4
Brochier,RS,4
Arroio do Tigre,RS,4
Maçambará,RS,4
Alegria,RS,4
Presidente Juscelino,MG,4
Santana da Vargem,MG,4
Panamá,GO,4
Ouvidor,GO,4
São Luís de Montes Belos,GO,3
Acrelândia,AC,3
Sítio d'Abadia,GO,3
Santana de Pirapama,MG,3
Pintópolis,MG,3
Itaqui,RS,3
Igrejinha,RS,3
Harmonia,RS,3
Guimarânia,MG,3
Dois Irmãos,RS,3
Fazenda Vilanova,RS,3
Monte Belo do Sul,RS,3
Maratá,RS,3
Felixlândia,MG,3
Pareci Novo,RS,3
Penha,SC,3
São João do Itaperiú,SC,3
São Pedro de Alcântara,SC,3
Treze de Maio,SC,3
São Vendelino,RS,3
Sapucaia do Sul,RS,3
Garuva,SC,3
São Francisco de Assis,RS,3
Porto Xavier,RS,3
Porto Vera Cruz,RS,3
Parobé,RS,3
Nova Palma,RS,3
Passo de Torres,SC,3
Laurentino,SC,3
Santa Margarida do Sul,RS,3
Botuverá,SC,3
Balneário Gaivota,SC,3
São Francisco do Brejão,MA,3
Mineiros do Tietê,SP,3
Lucianópolis,SP,3
Planalto,SP,3
Poá,SP,3
Oriente,SP,3
Belo Vale,MG,3
Manduri,SP,3
Monções,SP,3
Ilha Comprida,SP,3
Hortolândia,SP,3
Itupeva,SP,3
Ibirá,SP,3
Jaguariúna,SP,3
Pracinha,SP,3
Santa Ernestina,SP,3
Queiroz,SP,3
Davinópolis,MA,3
Turmalina,SP,3
Chapada da Natividade,TO,3
Combinado,TO,3
Santa Rosa do Tocantins,TO,3
Conselheiro Lafaiete,MG,3
Elias Fausto,SP,3
Chaves,PA,3
Cubatão,SP,3
Espírito Santo do Pinhal,SP,3
Guapó,GO,3
São Sebastião da Boa Vista,PA,3
Nova Ponte,MG,3
Baião,PA,3
Artur Nogueira,SP,3
Óleo,SP,3
Cabrália Paulista,SP,3
Borá,SP,3
Itaberaí,GO,3
Aparecida,SP,3
Uruana de Minas,MG,3
Varzelândia,MG,3
Turvânia,GO,3
Bastos,SP,3
Pantano Grande,RS,2
Nova Candelária,RS,2
Morro da Fumaça,SC,2
Meleiro,SC,2
Palhoça,SC,2
Sangão,SC,2
Itabirito,MG,2
Pedras Grandes,SC,2
Siderópolis,SC,2
Araxá,MG,2
São Pedro do Butiá,RS,2
Sobradinho,RS,2
São Sepé,RS,2
Pontal do Paraná,PR,2
Dores de Campos,MG,2
Capivari de Baixo,SC,2
Tabaí,RS,2
São José do Sul,RS,2
Presidente Lucena,RS,2
Quaraí,RS,2
Cocal do Sul,SC,2
Vitória do Mearim,MA,2
Barra Velha,SC,2
Treviso,SC,2
Candelária,RS,2
Oliveira,MG,2
Araricá,RS,2
Agudo,RS,2
Lindolfo Collor,RS,2
Glaucilândia,MG,2
Alvorada,RS,2
Cachoeira do Sul,RS,2
Faxinal do Soturno,RS,2
Herveiras,RS,2
Dom Pedro de Alcântara,RS,2
Ibertioga,MG,2
São Bento Abade,MG,2
Alvorada d'Oeste,RO,2
Nova Aurora,GO,2
São João da Ponte,MG,2
Piedade do Rio Grande,MG,2
Ibiracatu,MG,2
Balbinos,SP,2
Almeirim,PA,2
Diorama,GO,2
Dobrada,SP,2
Silvanópolis,TO,2
Castanhal,PA,2
Cachoeira Dourada,MG,2
Carandaí,MG,2
Congonhal,MG,2
Francisco Morato,SP,2
Monte Alegre,PA,2
Bom Jesus do Tocantins,PA,2
Coribe,BA,2
Altamira do Maranhão,MA,2
Nova Luzitânia,SP,2
Nova Odessa,SP,2
Bonfinópolis de Minas,MG,2
Bonito de Minas,MG,2
Itapuí,SP,2
Piraquê,TO,2
Juruaia,MG,2
São José da Bela Vista,SP,2
Vinhedo,SP,2
União Paulista,SP,2
Lajeado Novo,MA,2
Xangri-Lá,RS,2
Vale do Sol,RS,2
Unistalda,RS,2
Coronel Murta,MG,2
São Pedro da Água Branca,MA,2
Cruzília,MG,2
João Lisboa,MA,2
Itirapuã,SP,2
Medeiros,MG,2
Igaraçu do Tietê,SP,2
Júlio Mesquita,SP,2
Witmarsum,SC,2
Vila Boa,GO,1
Mâncio Lima,AC,1
Jordão,AC,1
Planura,MG,1
Paineiras,MG,1
Benjamin Constant,AM,1
Tarauacá,AC,1
Fartura do Piauí,PI,1
Felício dos Santos,MG,1
Paraíso do Sul,RS,1
Mirim Doce,SC,1
Porto Belo,SC,1
Santa Rosa do Sul,SC,1
Salete,SC,1
Teresina de Goiás,GO,1
Carmo do Paranaíba,MG,1
Capim Branco,MG,1
Acopiara,CE,1
Encruzilhada do Sul,RS,1
Cachoeirinha,RS,1
Caçapava do Sul,RS,1
Manoel Viana,RS,1
Alegrete,RS,1
Lagoa Bonita do Sul,RS,1
Jari,RS,1
Inhacorá,RS,1
Imbé,RS,1
Cristália,MG,1
Itapecerica,MG,1
Brusque,SC,1
Ascurra,SC,1
Canelinha,SC,1
Indaial,SC,1
Baldim,MG,1
Criciúma,SC,1
Itaú de Minas,MG,1
Forquilhinha,SC,1
Guabiruba,SC,1
Sombrio,SC,1
Natividade,TO,1
Ponte Alta do Bom Jesus,TO,1
Nova Lacerda,MT,1
São Bento do Tocantins,TO,1
Fazenda Rio Grande,PR,1
Roseira,SP,1
São Caetano do Sul,SP,1
Josenópolis,MG,1
Arari,MA,1
Albertina,MG,1
Terra Roxa,SP,1
Turiúba,SP,1
Ribeirão Corrente,SP,1
Nova Olinda do Maranhão,MA,1
Cruzeiro da Fortaleza,MG,1
Datas,MG,1
São Raimundo das Mangabeiras,MA,1
Vila Nova do Sul,RS,1
Santa Luzia,MA,1
Potim,SP,1
Calçoene,AP,1
Alvorada do Norte,GO,1
São Geraldo do Araguaia,PA,1
Inhangapi,PA,1
Engenheiro Coelho,SP,1
Monte Sião,MG,1
Conchal,SP,1
Fernão,SP,1
Conquista,MG,1
Congonhas do Norte,MG,1
Brejinho de Nazaré,TO,1
Chapada do Norte,MG,1
Santana,AP,1
Novo Jardim,TO,1
Jaú do Tocantins,TO,1
Santa Fé do Araguaia,TO,1
Gastão Vidigal,SP,1
Moiporá,GO,1
Buritizeiro,MG,1
Normandia,RR,1
Brodowski,SP,1
Boracéia,SP,1
Minduri,MG,1
Barbosa,SP,1
Palmas de Monte Alto,BA,1
Águas de São Pedro,SP,1
São Luiz,RR,1
Varjão de Minas,MG,1
São Felipe d'Oeste,RO,1
São Francisco de Goiás,GO,1
Cujubim,RO,1
Terezópolis de Goiás,GO,1
Cacoal,RO,0
Jaru,RO,0
Capixaba,AC,0
Caratinga,MG,0
Carbonita,MG,0
Carlos Chagas,MG,0
Carmésia,MG,0
Carmo da Mata,MG,0
Carmo do Cajuru,MG,0
Carmópolis de Minas,MG,0
Carrancas,MG,0
Carvalhos,MG,0
Santa Bárbara de Goiás,GO,0
Santa Fé de Goiás,GO,0
Santa Isabel,GO,0
Santa Rita do Novo Destino,GO,0
Santa Rosa de Goiás,GO,0
Santa Tereza de Goiás,GO,0
Pedra Bonita,MG,0
Pedra do Anta,MG,0
Pedra do Indaiá,MG,0
Olaria,MG,0
Oliveira Fortes,MG,0
Onça de Pitangui,MG,0
Oratórios,MG,0
Orizânia,MG,0
Caparaó,MG,0
Capela Nova,MG,0
Capelinha,MG,0
Capitão Andrade,MG,0
Caputira,MG,0
Caraí,MG,0
Cajuri,MG,0
Camacho,MG,0
Sobradinho,BA,0
Souto Soares,BA,0
Tabocas do Brejo Velho,BA,0
Papagaios,MG,0
Pará de Minas,MG,0
Paraopeba,MG,0
Passabém,MG,0
Passa Tempo,MG,0
Passa Vinte,MG,0
Patis,MG,0
Patrocínio do Muriaé,MG,0
Paula Cândido,MG,0
Paulistas,MG,0
Pavão,MG,0
Peçanha,MG,0
Pedra Azul,MG,0
Piedade de Ponte Nova,MG,0
Piedade dos Gerais,MG,0
Pingo-D'água,MG,0
Pedra Dourada,MG,0
Seabra,BA,0
Sebastião Laranjeiras,BA,0
Senhor do Bonfim,BA,0
Serra do Ramalho,BA,0
Sento Sé,BA,0
Serra Dourada,BA,0
Serra Preta,BA,0
Serrinha,BA,0
Serrolândia,BA,0
Simões Filho,BA,0
Sítio do Mato,BA,0
Sítio do Quinto,BA,0
Ponto dos Volantes,MG,0
Porto Firme,MG,0
Poté,MG,0
Prados,MG,0
Presidente Bernardes,MG,0
Tanhaçu,BA,0
Pedrinópolis,MG,0
Pedro Leopoldo,MG,0
Pedro Teixeira,MG,0
Pequeri,MG,0
Pequi,MG,0
Perdigão,MG,0
Periquito,MG,0
Pescador,MG,0
Piau,MG,0
Piedade de Caratinga,MG,0
São Gonçalo dos Campos,BA,0
São José da Vitória,BA,0
São José do Jacuípe,BA,0
São Miguel das Matas,BA,0
São Sebastião do Passé,BA,0
Sapeaçu,BA,0
Sátiro Dias,BA,0
Saubara,BA,0
Piracema,MG,0
Piranga,MG,0
Pirapetinga,MG,0
Piraúba,MG,0
Pitangui,MG,0
Pocrane,MG,0
Ponte Nova,MG,0
Ponto Chique,MG,0
Recreio,MG,0
Reduto,MG,0
Resende Costa,MG,0
Resplendor,MG,0
Ressaquinha,MG,0
Riacho dos Machados,MG,0
Ribeirão das Neves,MG,0
Rio Acima,MG,0
Rio Casca,MG,0
Presidente Kubitschek,MG,0
São Domingos,BA,0
São Félix,BA,0
São Félix do Coribe,BA,0
São Felipe,BA,0
São Francisco do Conde,BA,0
São Gabriel,BA,0
Rio Piracicaba,MG,0
Rio Pomba,MG,0
Rio Preto,MG,0
Rio Vermelho,MG,0
Ritápolis,MG,0
Rochedo de Minas,MG,0
Rodeiro,MG,0
Romaria,MG,0
Rosário da Limeira,MG,0
Saúde,BA,0
Alto Jequitibá,MG,0
Prudente de Morais,MG,0
Quartel Geral,MG,0
Queluzito,MG,0
Raposos,MG,0
Raul Soares,MG,0
Santa Bárbara,MG,0
Santa Bárbara do Leste,MG,0
Santa Bárbara do Monte Verde,MG,0
Santa Bárbara do Tugúrio,MG,0
Santa Cruz de Minas,MG,0
Santa Cruz de Salinas,MG,0
Santa Cruz do Escalvado,MG,0
Santa Efigênia de Minas,MG,0
Santa Helena de Minas,MG,0
Rio Doce,MG,0
Rio do Prado,MG,0
Rio Espera,MG,0
Rio Manso,MG,0
Rio Novo,MG,0
Rio Paranaíba,MG,0
Rio Pardo de Minas,MG,0
Santa Maria do Salto,MG,0
Santa Maria do Suaçuí,MG,0
Santana de Cataguases,MG,0
Santana do Deserto,MG,0
Santana do Garambéu,MG,0
Santana do Jacaré,MG,0
Santana do Manhuaçu,MG,0
Santana do Paraíso,MG,0
Santana do Riacho,MG,0
Santana dos Montes,MG,0
Rubelita,MG,0
Rubim,MG,0
Sabará,MG,0
Sabinópolis,MG,0
Salinas,MG,0
Salto da Divisa,MG,0
Naque,MG,0
Natalândia,MG,0
Nazareno,MG,0
Ninheira,MG,0
Santo Antônio do Aventureiro,MG,0
Santo Antônio do Grama,MG,0
Santo Antônio do Itambé,MG,0
Santo Antônio do Jacinto,MG,0
Santo Antônio do Monte,MG,0
Santo Antônio do Retiro,MG,0
Santo Antônio do Rio Abaixo,MG,0
Santos Dumont,MG,0
São Brás do Suaçuí,MG,0
Santa Luzia,MG,0
Santa Margarida,MG,0
Santa Maria de Itabira,MG,0
Santa Rita de Minas,MG,0
Santa Rita de Ibitipoca,MG,0
Santa Rita do Itueto,MG,0
Santa Rosa da Serra,MG,0
Santo Antônio do Amparo,MG,0
Ouro Branco,MG,0
Ouro Preto,MG,0
Ouro Verde de Minas,MG,0
Padre Carvalho,MG,0
Padre Paraíso,MG,0
Pai Pedro,MG,0
Paiva,MG,0
Palma,MG,0
Palmópolis,MG,0
Uibaí,BA,0
Nanuque,MG,0
Santo Antônio de Jesus,BA,0
São Domingos das Dores,MG,0
São Domingos do Prata,MG,0
São Félix de Minas,MG,0
São Francisco,MG,0
São Francisco do Glória,MG,0
São Geraldo,MG,0
São Geraldo da Piedade,MG,0
São Geraldo do Baixio,MG,0
São Gonçalo do Pará,MG,0
São Gonçalo do Rio Abaixo,MG,0
São Gotardo,MG,0
São João do Manhuaçu,MG,0
São João do Manteninha,MG,0
São João do Oriente,MG,0
Santa Rita de Jacutinga,MG,0
São Pedro do Suaçuí,MG,0
São Sebastião da Vargem Alegre,MG,0
São João do Pacuí,MG,0
Salvador,BA,0
Santa Bárbara,BA,0
Santa Brígida,BA,0
Santa Cruz Cabrália,BA,0
Santa Cruz da Vitória,BA,0
Santa Inês,BA,0
Santaluz,BA,0
Santa Luzia,BA,0
Santana,BA,0
Santanópolis,BA,0
Santa Rita de Cássia,BA,0
Santa Terezinha,BA,0
Santo Amaro,BA,0
Senhora de Oliveira,MG,0
Senhora do Porto,MG,0
Santo Estêvão,BA,0
São João do Paraíso,MG,0
São João Evangelista,MG,0
São João Nepomuceno,MG,0
São Joaquim de Bicas,MG,0
São José da Lapa,MG,0
São José da Safira,MG,0
São José da Varginha,MG,0
São José do Divino,MG,0
São José do Goiabal,MG,0
São José do Jacuri,MG,0
São José do Mantimento,MG,0
São Miguel do Anta,MG,0
São Pedro dos Ferros,MG,0
Rio do Antônio,BA,0
Rio do Pires,BA,0
São Sebastião do Anta,MG,0
São Sebastião do Maranhão,MG,0
São Sebastião do Oeste,MG,0
São Sebastião do Rio Preto,MG,0
São Tiago,MG,0
São Vicente de Minas,MG,0
Sardoá,MG,0
Sarzedo,MG,0
Setubinha,MG,0
Sem-Peixe,MG,0
Senador Cortes,MG,0
Senador Firmino,MG,0
Senador José Bento,MG,0
Senador Modestino Gonçalves,MG,0
Tabuleiro,MG,0
Taiobeiras,MG,0
Senhora dos Remédios,MG,0
Sericita,MG,0
Seritinga,MG,0
Serra Azul de Minas,MG,0
Rafael Jambeiro,BA,0
Remanso,BA,0
Retirolândia,BA,0
Riachão das Neves,BA,0
Riachão do Jacuípe,BA,0
Riacho de Santana,BA,0
Ribeira do Amparo,BA,0
Ribeira do Pombal,BA,0
Ribeirão do Largo,BA,0
Rio de Contas,BA,0
Ubá,MG,0
Ubaí,MG,0
Rio Real,BA,0
Rodelas,BA,0
Ruy Barbosa,BA,0
Salinas da Margarida,BA,0
Serra da Saudade,MG,0
Serra dos Aimorés,MG,0
Serranópolis de Minas,MG,0
Serranos,MG,0
Serro,MG,0
Sete Lagoas,MG,0
Silveirânia,MG,0
Simão Pereira,MG,0
Simonésia,MG,0
Sobrália,MG,0
Presidente Dutra,BA,0
Presidente Jânio Quadros,BA,0
Taparuba,MG,0
Tapiraí,MG,0
Taquaraçu de Minas,MG,0
Tarumirim,MG,0
Teixeiras,MG,0
Teófilo Otoni,MG,0
Timóteo,MG,0
Tiradentes,MG,0
Tiros,MG,0
Tocantins,MG,0
Tombos,MG,0
Três Marias,MG,0
Tumiritinga,MG,0
Turmalina,MG,0
Vieiras,MG,0
Mathias Lobato,MG,0
Virginópolis,MG,0
Ubaporanga,MG,0
Umburatiba,MG,0
Urucânia,MG,0
Piripá,BA,0
Piritiba,BA,0
Planaltino,BA,0
Planalto,BA,0
Poções,BA,0
Pojuca,BA,0
Ponto Novo,BA,0
Porto Seguro,BA,0
Potiraguá,BA,0
Prado,BA,0
Aracruz,ES,0
Atílio Vivácqua,ES,0
Baixo Guandu,ES,0
Barra de São Francisco,ES,0
Boa Esperança,ES,0
Presidente Tancredo Neves,BA,0
Queimadas,BA,0
Quijingue,BA,0
Quixabeira,BA,0
Vargem Alegre,MG,0
Vargem Grande do Rio Pardo,MG,0
Veredinha,MG,0
Veríssimo,MG,0
Vermelho Novo,MG,0
Vespasiano,MG,0
Viçosa,MG,0
Ecoporanga,ES,0
Fundão,ES,0
Governador Lindenberg,ES,0
Guaçuí,ES,0
Guarapari,ES,0
Virgolândia,MG,0
Visconde do Rio Branco,MG,0
Volta Grande,MG,0
Afonso Cláudio,ES,0
Águia Branca,ES,0
Água Doce do Norte,ES,0
Alegre,ES,0
Alfredo Chaves,ES,0
Alto Rio Novo,ES,0
Anchieta,ES,0
Apiacá,ES,0
João Neiva,ES,0
Laranja da Terra,ES,0
Linhares,ES,0
Mantenópolis,ES,0
Marataízes,ES,0
Bom Jesus do Norte,ES,0
Brejetuba,ES,0
Cachoeiro de Itapemirim,ES,0
Cariacica,ES,0
Castelo,ES,0
Colatina,ES,0
Conceição da Barra,ES,0
Conceição do Castelo,ES,0
Divino de São Lourenço,ES,0
Domingos Martins,ES,0
Dores do Rio Preto,ES,0
Piúma,ES,0
Ponto Belo,ES,0
Presidente Kennedy,ES,0
Rio Bananal,ES,0
Rio Novo do Sul,ES,0
Ibatiba,ES,0
Ibiraçu,ES,0
Ibitirama,ES,0
Iconha,ES,0
Irupi,ES,0
Itaguaçu,ES,0
Itapemirim,ES,0
Itarana,ES,0
Iúna,ES,0
Jaguaré,ES,0
Jerônimo Monteiro,ES,0
Venda Nova do Imigrante,ES,0
Viana,ES,0
Vila Pavão,ES,0
Vila Valério,ES,0
Vila Velha,ES,0
Marechal Floriano,ES,0
Marilândia,ES,0
Mimoso do Sul,ES,0
Montanha,ES,0
Mucurici,ES,0
Muniz Freire,ES,0
Muqui,ES,0
Nova Venécia,ES,0
Pancas,ES,0
Pedro Canário,ES,0
Pinheiros,ES,0
Cachoeiras de Macacu,RJ,0
Cambuci,RJ,0
Carapebus,RJ,0
Comendador Levy Gasparian,RJ,0
Campos dos Goytacazes,RJ,0
Santa Leopoldina,ES,0
Santa Maria de Jetibá,ES,0
Santa Teresa,ES,0
São Domingos do Norte,ES,0
São Gabriel da Palha,ES,0
São José do Calçado,ES,0
São Mateus,ES,0
São Roque do Canaã,ES,0
Serra,ES,0
Sooretama,ES,0
Vargem Alta,ES,0
Itaboraí,RJ,0
Itaguaí,RJ,0
Italva,RJ,0
Itaocara,RJ,0
Itaperuna,RJ,0
Vitória,ES,0
Aperibé,RJ,0
Araruama,RJ,0
Areal,RJ,0
Armação dos Búzios,RJ,0
Arraial do Cabo,RJ,0
Barra do Piraí,RJ,0
Belford Roxo,RJ,0
Bom Jardim,RJ,0
Bom Jesus do Itabapoana,RJ,0
Cabo Frio,RJ,0
Miracema,RJ,0
Natividade,RJ,0
Nilópolis,RJ,0
Niterói,RJ,0
Nova Friburgo,RJ,0
Cantagalo,RJ,0
Cardoso Moreira,RJ,0
Carmo,RJ,0
Casimiro de Abreu,RJ,0
Conceição de Macabu,RJ,0
Cordeiro,RJ,0
Duas Barras,RJ,0
Duque de Caxias,RJ,0
Engenheiro Paulo de Frontin,RJ,0
Guapimirim,RJ,0
Iguaba Grande,RJ,0
Queimados,RJ,0
Quissamã,RJ,0
Rio Bonito,RJ,0
Rio das Flores,RJ,0
Rio das Ostras,RJ,0
Rio de Janeiro,RJ,0
Japeri,RJ,0
Laje do Muriaé,RJ,0
Macaé,RJ,0
Macuco,RJ,0
Magé,RJ,0
Mangaratiba,RJ,0
Maricá,RJ,0
Mendes,RJ,0
Mesquita,RJ,0
Miguel Pereira,RJ,0
São Sebastião do Alto,RJ,0
Sapucaia,RJ,0
Saquarema,RJ,0
Seropédica,RJ,0
Silva Jardim,RJ,0
Sumidouro,RJ,0
Nova Iguaçu,RJ,0
Paracambi,RJ,0
Paraíba do Sul,RJ,0
Paty do Alferes,RJ,0
Petrópolis,RJ,0
Pinheiral,RJ,0
Piraí,RJ,0
Porciúncula,RJ,0
Porto Real,RJ,0
Quatis,RJ,0
Paratinga,BA,0
Paripiranga,BA,0
Pau Brasil,BA,0
Paulo Afonso,BA,0
Pé de Serra,BA,0
Pedrão,BA,0
Santa Maria Madalena,RJ,0
Santo Antônio de Pádua,RJ,0
São Francisco de Itabapoana,RJ,0
São Fidélis,RJ,0
São Gonçalo,RJ,0
São João da Barra,RJ,0
São João de Meriti,RJ,0
São José de Ubá,RJ,0
São José do Vale do Rio Preto,RJ,0
São Pedro da Aldeia,RJ,0
Piraí do Norte,BA,0
Nazaré,BA,0
Nilo Peçanha,BA,0
Nordestina,BA,0
Nova Canaã,BA,0
Nova Fátima,BA,0
Nova Ibiá,BA,0
Tanguá,RJ,0
Teresópolis,RJ,0
Trajano de Moraes,RJ,0
Três Rios,RJ,0
Valença,RJ,0
Varre-Sai,RJ,0
Vassouras,RJ,0
Palmeiras,BA,0
Paramirim,BA,0
Pindaí,BA,0
Pindobaçu,BA,0
Pintadas,BA,0
Nova Belém,MG,0
Nova Era,MG,0
Nova Módica,MG,0
Nova Serrana,MG,0
Novo Cruzeiro,MG,0
Novo Oriente de Minas,MG,0
Novorizonte,MG,0
Nacip Raydan,MG,0
Tanque Novo,BA,0
Tanquinho,BA,0
Taperoá,BA,0
Tapiramutá,BA,0
Teixeira de Freitas,BA,0
Muniz Ferreira,BA,0
Muquém do São Francisco,BA,0
Nova Itarana,BA,0
Nova Redenção,BA,0
Nova Soure,BA,0
Nova Viçosa,BA,0
Novo Horizonte,BA,0
Novo Triunfo,BA,0
Olindina,BA,0
Oliveira dos Brejinhos,BA,0
Ouriçangas,BA,0
Ourolândia,BA,0
Álvaro de Carvalho,SP,0
Pedro Alexandre,BA,0
Piatã,BA,0
Pilão Arcado,BA,0
Maragogipe,BA,0
Maraú,BA,0
Marcionílio Souza,BA,0
Areiópolis,SP,0
Miguel Calmon,BA,0
Milagres,BA,0
Mirangaba,BA,0
Mirante,BA,0
Monte Santo,BA,0
Morpará,BA,0
Morro do Chapéu,BA,0
Mortugaba,BA,0
Mucugê,BA,0
Mucuri,BA,0
Mulungu do Morro,BA,0
Mundo Novo,BA,0
Lagoa Real,BA,0
Laje,BA,0
Lajedão,BA,0
Lajedinho,BA,0
Lajedo do Tabocal,BA,0
Lamarão,BA,0
Muritiba,BA,0
Mutuípe,BA,0
Madre de Deus,BA,0
Maetinga,BA,0
Maiquinique,BA,0
Mairi,BA,0
Malhada de Pedras,BA,0
Manoel Vitorino,BA,0
Mansidão,BA,0
Maracás,BA,0
Medeiros Neto,BA,0
Teodoro Sampaio,BA,0
Teofilândia,BA,0
Teolândia,BA,0
Terra Nova,BA,0
Tremedal,BA,0
Tucano,BA,0
Uauá,BA,0
Ubaíra,BA,0
Ubaitaba,BA,0
Ubatã,BA,0
Mercês,MG,0
Mesquita,MG,0
Minas Novas,MG,0
Mirabela,MG,0
Miradouro,MG,0
Campo Limpo Paulista,SP,0
Lapão,BA,0
Lauro de Freitas,BA,0
Lençóis,BA,0
Licínio de Almeida,BA,0
Livramento de Nossa Senhora,BA,0
Macajuba,BA,0
Macarani,BA,0
Macaúbas,BA,0
Macururé,BA,0
Brejo Alegre,SP,0
Jacobina,BA,0
Jaguaquara,BA,0
Mascote,BA,0
Mata de São João,BA,0
Matina,BA,0
Ituberá,BA,0
Jacaraci,BA,0
Jaguarari,BA,0
Jaguaripe,BA,0
Jandaíra,BA,0
Jequié,BA,0
Jeremoabo,BA,0
Jiquiriçá,BA,0
Jitaúna,BA,0
João Dourado,BA,0
Juazeiro,BA,0
Jucuruçu,BA,0
Jussara,BA,0
Jussari,BA,0
Jussiape,BA,0
Lafaiete Coutinho,BA,0
Itagi,BA,0
Itagibá,BA,0
Itagimirim,BA,0
Itaguaçu da Bahia,BA,0
Itapé,BA,0
Itapebi,BA,0
Itapetinga,BA,0
Itapicuru,BA,0
Itapitanga,BA,0
Itaquara,BA,0
Itarantim,BA,0
Itatim,BA,0
Itiruçu,BA,0
Itiúba,BA,0
Itororó,BA,0
Ituaçu,BA,0
Itamaraju,BA,0
Itamari,BA,0
Itambé,BA,0
Itanagra,BA,0
Itanhém,BA,0
Itaparica,BA,0
Diadema,SP,0
Duartina,SP,0
Cerquilho,SP,0
Cesário Lange,SP,0
Conchas,SP,0
Corumbataí,SP,0
Itaberaba,BA,0
Itabuna,BA,0
Itacaré,BA,0
Itaeté,BA,0
Marliéria,MG,0
Martinho Campos,MG,0
Martins Soares,MG,0
Mata Verde,MG,0
Inhambupe,BA,0
Ipecaetá,BA,0
Ipiaú,BA,0
Ipirá,BA,0
Ipupiara,BA,0
Irajuba,BA,0
Iramaia,BA,0
Iraquara,BA,0
Irará,BA,0
Irecê,BA,0
Itaju do Colônia,BA,0
Itajuípe,BA,0
Ichu,BA,0
Igaporã,BA,0
Igrapiúna,BA,0
Iguaí,BA,0
Ilhéus,BA,0
Miraí,MG,0
Moema,MG,0
Monte Azul,MG,0
Monte Formoso,MG,0
Montezuma,MG,0
Morro da Garça,MG,0
Morro do Pilar,MG,0
Muriaé,MG,0
Mutum,MG,0
Mário Campos,MG,0
Maripá de Minas,MG,0
Floresta Azul,BA,0
Gandu,BA,0
Gavião,BA,0
Itabela,BA,0
Guaratinga,BA,0
Heliópolis,BA,0
Iaçu,BA,0
Ibiassucê,BA,0
Ibicaraí,BA,0
Ibicoara,BA,0
Ibicuí,BA,0
Ibipeba,BA,0
Ibipitanga,BA,0
Ibiquera,BA,0
Ibirapitanga,BA,0
Ibirapuã,BA,0
Cotegipe,BA,0
Cravolândia,BA,0
Crisópolis,BA,0
Cristópolis,BA,0
Cruz das Almas,BA,0
Curaçá,BA,0
Ibirataia,BA,0
Ibitiara,BA,0
Ibititá,BA,0
Ibotirama,BA,0
Eunápolis,BA,0
Fátima,BA,0
Feira da Mata,BA,0
Feira de Santana,BA,0
Filadélfia,BA,0
Firmino Alves,BA,0
Encruzilhada,BA,0
Entre Rios,BA,0
Esplanada,BA,0
Euclides da Cunha,BA,0
Ilhabela,SP,0
Chorrochó,BA,0
Cícero Dantas,BA,0
Cipó,BA,0
Coaraci,BA,0
Gentio do Ouro,BA,0
Glória,BA,0
Gongogi,BA,0
Governador Mangabeira,BA,0
Guajeru,BA,0
Guanambi,BA,0
Holambra,SP,0
Wanderley,BA,0
Luz,MG,0
Machacalis,MG,0
Contendas do Sincorá,BA,0
Coração de Maria,BA,0
Cordeiros,BA,0
Coronel João Sá,BA,0
Ipiguá,SP,0
Candiba,BA,0
Cândido Sales,BA,0
Cansanção,BA,0
Dário Meira,BA,0
Dias d'Ávila,BA,0
Dom Basílio,BA,0
Dom Macedo Costa,BA,0
Elísio Medrado,BA,0
Conceição do Almeida,BA,0
Conceição do Coité,BA,0
Conceição do Jacuípe,BA,0
Conde,BA,0
Condeúba,BA,0
Materlândia,MG,0
Mateus Leme,MG,0
Matias Barbosa,MG,0
Matipó,MG,0
Mato Verde,MG,0
Matozinhos,MG,0
Matutina,MG,0
Medina,MG,0
Mendes Pimentel,MG,0
Vitória da Conquista,BA,0
Wagner,BA,0
Canápolis,BA,0
Canarana,BA,0
Canavieiras,BA,0
Canudos,BA,0
Capela do Alto Alegre,BA,0
Capim Grosso,BA,0
Caraíbas,BA,0
Caravelas,BA,0
Cardeal da Silva,BA,0
Casa Nova,BA,0
Castro Alves,BA,0
Catolândia,BA,0
Catu,BA,0
Caturama,BA,0
Central,BA,0
Conceição da Feira,BA,0
Brejolândia,BA,0
Brotas de Macaúbas,BA,0
Brumado,BA,0
Buerarema,BA,0
Jandira,SP,0
Caém,BA,0
Caetanos,BA,0
Caetité,BA,0
Cafarnaum,BA,0
Cairu,BA,0
Caldeirão Grande,BA,0
Camacan,BA,0
Camaçari,BA,0
Camamu,BA,0
Campo Alegre de Lourdes,BA,0
Campo Formoso,BA,0
Banzaê,BA,0
Barra,BA,0
Barra da Estiva,BA,0
Barra do Choça,BA,0
Barra do Mendes,BA,0
Candeal,BA,0
Candeias,BA,0
Jumirim,SP,0
Laranjal Paulista,SP,0
Bom Jesus da Lapa,BA,0
Bom Jesus da Serra,BA,0
Boninal,BA,0
Bonito,BA,0
Boquira,BA,0
Botuporã,BA,0
Brejões,BA,0
Biritinga,BA,0
Boa Nova,BA,0
Boa Vista do Tupim,BA,0
Mendonça,SP,0
Andorinha,BA,0
Angical,BA,0
Anguera,BA,0
Antas,BA,0
Buritirama,BA,0
Caatiba,BA,0
Cabaceiras do Paraguaçu,BA,0
Cachoeira,BA,0
Caculé,BA,0
Lourdes,SP,0
Louveira,SP,0
Baixa Grande,BA,0
Aracatu,BA,0
Araçás,BA,0
Araci,BA,0
Aramari,BA,0
Arataca,BA,0
Aratuípe,BA,0
Aurelino Leal,BA,0
Baianópolis,BA,0
Mirassolândia,SP,0
Umbaúba,SE,0
Barra do Rocha,BA,0
Barro Alto,BA,0
Barrocas,BA,0
Barro Preto,BA,0
Belmonte,BA,0
Belo Campo,BA,0
Adustina,BA,0
Água Fria,BA,0
Érico Cardoso,BA,0
Aiquara,BA,0
Alagoinhas,BA,0
Alcobaça,BA,0
Almadina,BA,0
Amargosa,BA,0
Amélia Rodrigues,BA,0
América Dourada,BA,0
Anagé,BA,0
Andaraí,BA,0
Antônio Cardoso,BA,0
Antônio Gonçalves,BA,0
Aporá,BA,0
Apuarema,BA,0
Umburanas,BA,0
Una,BA,0
Urandi,BA,0
Rosário do Catete,SE,0
Salgado,SE,0
Santa Luzia do Itanhy,SE,0
Santana do São Francisco,SE,0
Santa Rosa de Lima,SE,0
Santo Amaro das Brotas,SE,0
São Cristóvão,SE,0
São Domingos,SE,0
São Francisco,SE,0
São Miguel do Aleixo,SE,0
Abaíra,BA,0
Abaré,BA,0
Acajutiba,BA,0
Pacatuba,SE,0
Nuporanga,SP,0
Ribeirópolis,SE,0
Madre de Deus de Minas,MG,0
Malacacheta,MG,0
Mamonas,MG,0
Manhuaçu,MG,0
Manhumirim,MG,0
Mantena,MG,0
Maravilhas,MG,0
Mar de Espanha,MG,0
Mariana,MG,0
Marilac,MG,0
Lontra,MG,0
Luisburgo,MG,0
Luislândia,MG,0
Itabaiana,SE,0
Itabaianinha,SE,0
Itabi,SE,0
Itaporanga d'Ajuda,SE,0
Simão Dias,SE,0
Siriri,SE,0
Telha,SE,0
Tobias Barreto,SE,0
Tomar do Geru,SE,0
Orindiúva,SP,0
Orlândia,SP,0
Nossa Senhora Aparecida,SE,0
Nossa Senhora da Glória,SE,0
Nossa Senhora das Dores,SE,0
Nossa Senhora de Lourdes,SE,0
Nossa Senhora do Socorro,SE,0
Maruim,SE,0
Moita Bonita,SE,0
Monte Alegre de Sergipe,SE,0
Muribeca,SE,0
Neópolis,SE,0
Pereiras,SP,0
Pedra Mole,SE,0
Pedrinhas,SE,0
Pinhão,SE,0
Pirambu,SE,0
Poço Redondo,SE,0
Poço Verde,SE,0
Porto da Folha,SE,0
Propriá,SE,0
Riachão do Dantas,SE,0
Riachuelo,SE,0
Cumbe,SE,0
Divina Pastora,SE,0
Estância,SE,0
Feira Nova,SE,0
Frei Paulo,SE,0
Gararu,SE,0
General Maynard,SE,0
Gracho Cardoso,SE,0
Ilha das Flores,SE,0
Japaratuba,SE,0
Japoatã,SE,0
Lagarto,SE,0
Laranjeiras,SE,0
Macambira,SE,0
Malhada dos Bois,SE,0
Malhador,SE,0
Taquarana,AL,0
Teotônio Vilela,AL,0
Traipu,AL,0
União dos Palmares,AL,0
Viçosa,AL,0
Amparo do São Francisco,SE,0
Aquidabã,SE,0
Aracaju,SE,0
Arauá,SE,0
Areia Branca,SE,0
Canindé de São Francisco,SE,0
Capela,SE,0
Carira,SE,0
Carmópolis,SE,0
Cedro de São João,SE,0
Cristinápolis,SE,0
Indiaroba,SE,0
Tanque d'Arca,AL,0
Uruçuca,BA,0
Utinga,BA,0
Valença,BA,0
Valente,BA,0
Várzea da Roça,BA,0
Várzea do Poço,BA,0
Várzea Nova,BA,0
Varzedo,BA,0
Vera Cruz,BA,0
Vereda,BA,0
Juiz de Fora,MG,0
Juramento,MG,0
Ladainha,MG,0
Lagoa da Prata,MG,0
Pão de Açúcar,AL,0
Pariconha,AL,0
Paripueira,AL,0
Barra dos Coqueiros,SE,0
Boquim,SE,0
Brejo Grande,SE,0
Campo do Brito,SE,0
Canhoba,SE,0
Porto Real do Colégio,AL,0
Quebrangulo,AL,0
Rio Largo,AL,0
Roteiro,AL,0
Santa Luzia do Norte,AL,0
Santana do Ipanema,AL,0
Santana do Mundaú,AL,0
São Brás,AL,0
Porto de Pedras,AL,0
Maragogi,AL,0
Maravilha,AL,0
Marechal Deodoro,AL,0
Maribondo,AL,0
São José da Laje,AL,0
São José da Tapera,AL,0
São Luís do Quitunde,AL,0
São Miguel dos Campos,AL,0
São Miguel dos Milagres,AL,0
São Sebastião,AL,0
Satuba,AL,0
Senador Rui Palmeira,AL,0
Ouro Branco,AL,0
Palestina,AL,0
Palmeira dos Índios,AL,0
Monteirópolis,AL,0
Murici,AL,0
Novo Lino,AL,0
Olho d'Água das Flores,AL,0
Olho d'Água do Casado,AL,0
Olho d'Água Grande,AL,0
Olivença,AL,0
Passo de Camaragibe,AL,0
Paulo Jacinto,AL,0
Penedo,AL,0
Piaçabuçu,AL,0
Pilar,AL,0
Pindoba,AL,0
Piranhas,AL,0
Poço das Trincheiras,AL,0
Porto Calvo,AL,0
Jacaré dos Homens,AL,0
Jacuípe,AL,0
Japaratinga,AL,0
Jaramataia,AL,0
Jequiá da Praia,AL,0
Joaquim Gomes,AL,0
Jundiá,AL,0
Junqueiro,AL,0
Lagoa da Canoa,AL,0
Limoeiro de Anadia,AL,0
Maceió,AL,0
Mar Vermelho,AL,0
Mata Grande,AL,0
Matriz de Camaragibe,AL,0
Messias,AL,0
Minador do Negrão,AL,0
Capela,AL,0
Carneiros,AL,0
Chã Preta,AL,0
Coité do Nóia,AL,0
Colônia Leopoldina,AL,0
Coqueiro Seco,AL,0
Coruripe,AL,0
Craíbas,AL,0
Delmiro Gouveia,AL,0
Dois Riachos,AL,0
Estrela de Alagoas,AL,0
Santo Antônio do Jardim,SP,0
Ibateguara,AL,0
Igaci,AL,0
Igreja Nova,AL,0
Inhapi,AL,0
Japonvar,MG,0
Jenipapo de Minas,MG,0
Jequeri,MG,0
Jequitibá,MG,0
Água Branca,AL,0
Anadia,AL,0
Arapiraca,AL,0
Atalaia,AL,0
Barra de Santo Antônio,AL,0
Barra de São Miguel,AL,0
Batalha,AL,0
Belém,AL,0
Belo Monte,AL,0
Boca da Mata,AL,0
Major Isidoro,AL,0
Canapi,AL,0
Venturosa,PE,0
Feira Grande,AL,0
Feliz Deserto,AL,0
Flexeiras,AL,0
Girau do Ponciano,AL,0
Lagoa Formosa,MG,0
Lagoa Santa,MG,0
Lajinha,MG,0
Lamim,MG,0
Laranjal,MG,0
Leandro Ferreira,MG,0
Leme do Prado,MG,0
Leopoldina,MG,0
Liberdade,MG,0
Lima Duarte,MG,0
Japaraíba,MG,0
Solidão,PE,0
Branquinha,AL,0
Cacimbinhas,AL,0
Cajueiro,AL,0
Campestre,AL,0
Campo Alegre,AL,0
Campo Grande,AL,0
Terezinha,PE,0
Terra Nova,PE,0
Timbaúba,PE,0
Toritama,PE,0
Tracunhaém,PE,0
Trindade,PE,0
Triunfo,PE,0
Tupanatinga,PE,0
Tuparetama,PE,0
Santa Cruz,PE,0
Verdejante,PE,0
Vertente do Lério,PE,0
Vertentes,PE,0
Vicência,PE,0
Vitória de Santo Antão,PE,0
Xexéu,PE,0
São José do Belmonte,PE,0
São José do Egito,PE,0
São Lourenço da Mata,PE,0
São Vicente Férrer,PE,0
Serra Talhada,PE,0
Serrita,PE,0
Sertânia,PE,0
Sirinhaém,PE,0
Moreilândia,PE,0
São Bento do Una,PE,0
São Caitano,PE,0
São João,PE,0
São Joaquim do Monte,PE,0
São José da Coroa Grande,PE,0
Várzea Paulista,SP,0
Surubim,PE,0
Tabira,PE,0
Tacaimbó,PE,0
Tacaratu,PE,0
Tamandaré,PE,0
Taquaritinga do Norte,PE,0
Torre de Pedra,SP,0
Salgueiro,PE,0
Saloá,PE,0
Sanharó,PE,0
Pombos,PE,0
Primavera,PE,0
Quipapá,PE,0
Quixaba,PE,0
Recife,PE,0
Riacho das Almas,PE,0
Ribeirão,PE,0
Rio Formoso,PE,0
Sairé,PE,0
Santa Cruz da Baixa Verde,PE,0
Santa Cruz do Capibaribe,PE,0
Santa Filomena,PE,0
Santa Maria da Boa Vista,PE,0
Santa Maria do Cambucá,PE,0
Santa Terezinha,PE,0
São Benedito do Sul,PE,0
Olinda,PE,0
Orobó,PE,0
Orocó,PE,0
Ouricuri,PE,0
Palmares,PE,0
Palmeirina,PE,0
Panelas,PE,0
Paranatama,PE,0
Parnamirim,PE,0
Passira,PE,0
Paulista,PE,0
Pedra,PE,0
Pesqueira,PE,0
Petrolândia,PE,0
Petrolina,PE,0
Poção,PE,0
Jupi,PE,0
Jurema,PE,0
Lagoa do Carro,PE,0
Lagoa de Itaenga,PE,0
Lagoa do Ouro,PE,0
Lagoa dos Gatos,PE,0
Lagoa Grande,PE,0
Lajedo,PE,0
Limoeiro,PE,0
Macaparana,PE,0
Salgadinho,PE,0
Manari,PE,0
Maraial,PE,0
Mirandiba,PE,0
Moreno,PE,0
Nazaré da Mata,PE,0
Ipojuca,PE,0
Ipubi,PE,0
Itacuruba,PE,0
Itaíba,PE,0
Ilha de Itamaracá,PE,0
Itambé,PE,0
Itapetim,PE,0
Itapissuma,PE,0
Itaquitinga,PE,0
Jaboatão dos Guararapes,PE,0
Paudalho,PE,0
Jataúba,PE,0
Jatobá,PE,0
João Alfredo,PE,0
Joaquim Nabuco,PE,0
Jucati,PE,0
Flores,PE,0
Floresta,PE,0
Frei Miguelinho,PE,0
Gameleira,PE,0
Garanhuns,PE,0
Glória do Goitá,PE,0
Goiana,PE,0
Granito,PE,0
Gravatá,PE,0
Iati,PE,0
Machados,PE,0
Ibirajuba,PE,0
Igarassu,PE,0
Iguaracy,PE,0
Inajá,PE,0
Ingazeira,PE,0
Casinhas,PE,0
Catende,PE,0
Cedro,PE,0
Chã de Alegria,PE,0
Chã Grande,PE,0
Condado,PE,0
Correntes,PE,0
Cortês,PE,0
Cumaru,PE,0
Cupira,PE,0
Jaqueira,PE,0
Escada,PE,0
Exu,PE,0
Feira Nova,PE,0
Fernando de Noronha,PE,0
Ferreiros,PE,0
Buenos Aires,PE,0
Buíque,PE,0
Cabo de Santo Agostinho,PE,0
Cabrobó,PE,0
Cachoeirinha,PE,0
Caetés,PE,0
Calçado,PE,0
Calumbi,PE,0
Camaragibe,PE,0
Camocim de São Félix,PE,0
Camutanga,PE,0
Ibimirim,PE,0
Carnaíba,PE,0
Carnaubeira da Penha,PE,0
Carpina,PE,0
Caruaru,PE,0
Araçoiaba,PE,0
Araripina,PE,0
Arcoverde,PE,0
Barra de Guabiraba,PE,0
Barreiros,PE,0
Belém de Maria,PE,0
Belém do São Francisco,PE,0
Belo Jardim,PE,0
Betânia,PE,0
Bezerros,PE,0
Bodocó,PE,0
Custódia,PE,0
Dormentes,PE,0
Brejão,PE,0
Brejinho,PE,0
Brejo da Madre de Deus,PE,0
Aimorés,MG,0
Itaúna,MG,0
Uiraúna,PB,0
Umbuzeiro,PB,0
Várzea,PB,0
Vieirópolis,PB,0
Zabelê,PB,0
Abreu E Lima,PE,0
Afogados da Ingazeira,PE,0
Afrânio,PE,0
Agrestina,PE,0
Água Preta,PE,0
Canhotinho,PE,0
Capoeiras,PE,0
Amaraji,PE,0
Angelim,PE,0
Bom Conselho,PE,0
Bom Jardim,PE,0
Bonito,PE,0
Tenório,PB,0
Triunfo,PB,0
Jequitinhonha,MG,0
Joaíma,MG,0
Joanésia,MG,0
João Monlevade,MG,0
Jordânia,MG,0
José Gonçalves de Minas,MG,0
José Raydan,MG,0
Nova União,MG,0
Juatuba,MG,0
Águas Formosas,MG,0
Águas Vermelhas,MG,0
Águas Belas,PE,0
Alagoinha,PE,0
Aliança,PE,0
Altinho,PE,0
Serra Branca,PB,0
Serra da Raiz,PB,0
Serra Grande,PB,0
Serra Redonda,PB,0
Serraria,PB,0
Sertãozinho,PB,0
Sobrado,PB,0
Solânea,PB,0
Soledade,PB,0
Sossêgo,PB,0
Sousa,PB,0
Sumé,PB,0
Tacima,PB,0
Taperoá,PB,0
Tavares,PB,0
Teixeira,PB,0
São José da Lagoa Tapada,PB,0
São José de Caiana,PB,0
São José de Espinharas,PB,0
São José dos Ramos,PB,0
São José de Piranhas,PB,0
São José de Princesa,PB,0
São José do Bonfim,PB,0
São José do Brejo do Cruz,PB,0
São José do Sabugi,PB,0
São José dos Cordeiros,PB,0
São Mamede,PB,0
São Miguel de Taipu,PB,0
São Sebastião de Lagoa de Roça,PB,0
São Sebastião do Umbuzeiro,PB,0
Sapé,PB,0
São Vicente do Seridó,PB,0
Santa Helena,PB,0
Santa Inês,PB,0
Santa Luzia,PB,0
Santana de Mangueira,PB,0
Santana dos Garrotes,PB,0
Joca Claudino,PB,0
Santa Rita,PB,0
Santa Teresinha,PB,0
Santo André,PB,0
São Bento,PB,0
São Bentinho,PB,0
São Domingos do Cariri,PB,0
São Domingos,PB,0
São Francisco,PB,0
São João do Cariri,PB,0
São João do Tigre,PB,0
Princesa Isabel,PB,0
Puxinanã,PB,0
Queimadas,PB,0
Quixaba,PB,0
Remígio,PB,0
Pedro Régis,PB,0
Riachão,PB,0
Riachão do Bacamarte,PB,0
Riachão do Poço,PB,0
Riacho de Santo Antônio,PB,0
Riacho dos Cavalos,PB,0
Rio Tinto,PB,0
Salgadinho,PB,0
Salgado de São Félix,PB,0
Santa Cecília,PB,0
Santa Cruz,PB,0
Matinhos,PR,0
Paulista,PB,0
Pedra Branca,PB,0
Pedra Lavrada,PB,0
Pedras de Fogo,PB,0
Piancó,PB,0
Picuí,PB,0
Pilar,PB,0
Pilões,PB,0
Pilõezinhos,PB,0
Pirpirituba,PB,0
Pitimbu,PB,0
Pocinhos,PB,0
Poço Dantas,PB,0
Poço de José de Moura,PB,0
Pombal,PB,0
Prata,PB,0
Mogeiro,PB,0
Montadas,PB,0
Monte Horebe,PB,0
Monteiro,PB,0
Mulungu,PB,0
Natuba,PB,0
Nazarezinho,PB,0
Nova Floresta,PB,0
Nova Olinda,PB,0
Nova Palmeira,PB,0
Olho d'Água,PB,0
Olivedos,PB,0
Ouro Velho,PB,0
Parari,PB,0
Passagem,PB,0
Patos,PB,0
Lastro,PB,0
Livramento,PB,0
Logradouro,PB,0
Lucena,PB,0
Mãe d'Água,PB,0
Malta,PB,0
Mamanguape,PB,0
Manaíra,PB,0
Marcação,PB,0
Mari,PB,0
Marizópolis,PB,0
Fagundes,PB,0
Massaranduba,PB,0
Mataraca,PB,0
Matinhas,PB,0
Mato Grosso,PB,0
Maturéia,PB,0
Ingá,PB,0
Itabaiana,PB,0
Itaporanga,PB,0
Itapororoca,PB,0
Itatuba,PB,0
Jacaraú,PB,0
Jericó,PB,0
João Pessoa,PB,0
Juarez Távora,PB,0
Juazeirinho,PB,0
Congo,PB,0
Coremas,PB,0
Junco do Seridó,PB,0
Juripiranga,PB,0
Juru,PB,0
Lagoa,PB,0
Lagoa de Dentro,PB,0
Lagoa Seca,PB,0
Damião,PB,0
Desterro,PB,0
Vista Serrana,PB,0
Diamante,PB,0
Dona Inês,PB,0
Duas Estradas,PB,0
Emas,PB,0
Esperança,PB,0
Cacimbas,PB,0
Caiçara,PB,0
Cajazeiras,PB,0
Frei Martinho,PB,0
Gado Bravo,PB,0
Guarabira,PB,0
Gurinhém,PB,0
Gurjão,PB,0
Ibiara,PB,0
Imaculada,PB,0
Catingueira,PB,0
Catolé do Rocha,PB,0
Caturité,PB,0
Conceição,PB,0
Condado,PB,0
Conde,PB,0
Boa Ventura,PB,0
Boa Vista,PB,0
Bom Jesus,PB,0
Coxixola,PB,0
Cruz do Espírito Santo,PB,0
Cubati,PB,0
Cuité,PB,0
Cuitegi,PB,0
Cuité de Mamanguape,PB,0
Curral de Cima,PB,0
Curral Velho,PB,0
Cabaceiras,PB,0
Cabedelo,PB,0
Cachoeira dos Índios,PB,0
Cacimba de Areia,PB,0
Cacimba de Dentro,PB,0
Araruna,PB,0
Areia,PB,0
Areia de Baraúnas,PB,0
Cajazeirinhas,PB,0
Caldas Brandão,PB,0
Camalaú,PB,0
Campina Grande,PB,0
Capim,PB,0
Caraúbas,PB,0
Carrapateira,PB,0
Casserengue,PB,0
Barra de São Miguel,PB,0
Bayeux,PB,0
Belém,PB,0
Belém do Brejo do Cruz,PB,0
Bernardino Batista,PB,0
Vera Cruz,RN,0
Viçosa,RN,0
Vila Flor,RN,0
Bom Sucesso,PB,0
Bonito de Santa Fé,PB,0
Boqueirão,PB,0
Igaracy,PB,0
Borborema,PB,0
Brejo do Cruz,PB,0
Brejo dos Santos,PB,0
Caaporã,PB,0
São João do Rio do Peixe,PB,0
Amparo,PB,0
Aparecida,PB,0
Araçagi,PB,0
Arara,PB,0
Serrinha dos Pintos,RN,0
Severiano Melo,RN,0
Sítio Novo,RN,0
Areial,PB,0
Aroeiras,PB,0
Assunção,PB,0
Baía da Traição,PB,0
Bananeiras,PB,0
Baraúna,PB,0
Barra de Santana,PB,0
Barra de Santa Rosa,PB,0
Triunfo Potiguar,RN,0
Umarizal,RN,0
Upanema,RN,0
Várzea,RN,0
Venha-Ver,RN,0
São José de Mipibu,RN,0
São José do Campestre,RN,0
São José do Seridó,RN,0
Água Branca,PB,0
Aguiar,PB,0
Alagoa Grande,PB,0
Alagoa Nova,PB,0
Alagoinha,PB,0
Alcantil,PB,0
Algodão de Jandaíra,PB,0
Alhandra,PB,0
Senador Georgino Avelino,RN,0
Serra de São Bento,RN,0
Serra do Mel,RN,0
Serra Negra do Norte,RN,0
Serrinha,RN,0
Riacho da Cruz,RN,0
Riacho de Santana,RN,0
Riachuelo,RN,0
Taboleiro Grande,RN,0
Taipu,RN,0
Tangará,RN,0
Tenente Ananias,RN,0
Tenente Laurentino Cruz,RN,0
Tibau do Sul,RN,0
Timbaúba dos Batistas,RN,0
Touros,RN,0
São Bento do Trairí,RN,0
São Fernando,RN,0
São Francisco do Oeste,RN,0
São Gonçalo do Amarante,RN,0
São João do Sabugi,RN,0
Araranguá,SC,0
Balneário Arroio do Silva,SC,0
Balneário Camboriú,SC,0
São Miguel,RN,0
São Miguel do Gostoso,RN,0
São Paulo do Potengi,RN,0
São Pedro,RN,0
São Rafael,RN,0
São Tomé,RN,0
São Vicente,RN,0
Senador Elói de Souza,RN,0
Porto do Mangue,RN,0
Serra Caiada,RN,0
Pureza,RN,0
Rafael Fernandes,RN,0
Rafael Godeiro,RN,0
Patu,RN,0
Santa Maria,RN,0
Pau dos Ferros,RN,0
Pedra Grande,RN,0
Pedra Preta,RN,0
Pedro Avelino,RN,0
Pedro Velho,RN,0
Rodolfo Fernandes,RN,0
Tibau,RN,0
Ruy Barbosa,RN,0
Santa Cruz,RN,0
Santana do Matos,RN,0
Santana do Seridó,RN,0
Santo Antônio,RN,0
São Bento do Norte,RN,0
Antônio Carlos,SC,0
Major Sales,RN,0
Marcelino Vieira,RN,0
Martins,RN,0
Maxaranguape,RN,0
Messias Targino,RN,0
Montanhas,RN,0
Monte Alegre,RN,0
Monte das Gameleiras,RN,0
Mossoró,RN,0
Biguaçu,SC,0
Bombinhas,SC,0
Parazinho,RN,0
Parelhas,RN,0
Rio do Fogo,RN,0
Passa E Fica,RN,0
Passagem,RN,0
Poço Branco,RN,0
Portalegre,RN,0
Itaverava,MG,0
Itinga,MG,0
Itueta,MG,0
Itumirim,MG,0
Itutinga,MG,0
Jaboticatubas,MG,0
Jacinto,MG,0
Jaguaraçu,MG,0
Jampruca,MG,0
Itamarati de Minas,MG,0
Itambacuri,MG,0
Itambé do Mato Dentro,MG,0
Itanhomi,MG,0
Itaobim,MG,0
Governador Celso Ramos,SC,0
Natal,RN,0
Nísia Floresta,RN,0
Nova Cruz,RN,0
Olho d'Água do Borges,RN,0
Ouro Branco,RN,0
Paraná,RN,0
Paraú,RN,0
João Câmara,RN,0
João Dias,RN,0
José da Penha,RN,0
Jucurutu,RN,0
Jundiá,RN,0
Lagoa d'Anta,RN,0
Pendências,RN,0
Pilões,RN,0
Jandaíra,RN,0
Janduís,RN,0
Januário Cicco,RN,0
Japi,RN,0
Jardim de Angicos,RN,0
Lagoa de Pedras,RN,0
Lagoa de Velhos,RN,0
Lagoa Nova,RN,0
Lagoa Salgada,RN,0
Lajes,RN,0
Lajes Pintadas,RN,0
Lucrécia,RN,0
Luís Gomes,RN,0
Macaíba,RN,0
Macau,RN,0
Ermo,SC,0
Parnamirim,RN,0
Encanto,RN,0
Equador,RN,0
Espírito Santo,RN,0
Extremoz,RN,0
Felipe Guerra,RN,0
Fernando Pedroza,RN,0
Governador Dix-Sept Rosado,RN,0
Grossos,RN,0
Guamaré,RN,0
Ielmo Marinho,RN,0
Ipanguaçu,RN,0
Ipueira,RN,0
Itajá,RN,0
Itaú,RN,0
Jaçanã,RN,0
Barcelona,RN,0
Bento Fernandes,RN,0
Bodó,RN,0
Bom Jesus,RN,0
Brejinho,RN,0
Caiçara do Norte,RN,0
Caiçara do Rio do Vento,RN,0
Caicó,RN,0
Jardim de Piranhas,RN,0
Jardim do Seridó,RN,0
Içara,SC,0
Ilhota,SC,0
Coronel João Pessoa,RN,0
Cruzeta,RN,0
Currais Novos,RN,0
Doutor Severiano,RN,0
Goianinha,RN,0
Itapema,SC,0
Itatiaiuçu,MG,0
Wenceslau Guimarães,BA,0
Xique-Xique,BA,0
Abaeté,MG,0
Abre Campo,MG,0
Acaiaca,MG,0
Açucena,MG,0
Água Boa,MG,0
Andrelândia,MG,0
Ingaí,MG,0
Inhapim,MG,0
Inhaúma,MG,0
Ipaba,MG,0
Ipanema,MG,0
Areia Branca,RN,0
Arês,RN,0
Campo Grande,RN,0
Campo Redondo,RN,0
Canguaretama,RN,0
Caraúbas,RN,0
Carnaúba dos Dantas,RN,0
Carnaubais,RN,0
Ceará-Mirim,RN,0
Cerro Corá,RN,0
Coronel Ezequiel,RN,0
Maracajá,SC,0
Florânia,RN,0
Francisco Dantas,RN,0
Frutuoso Gomes,RN,0
Galinhos,RN,0
Tianguá,CE,0
Trairi,CE,0
Tururu,CE,0
Ubajara,CE,0
Umari,CE,0
Viçosa do Ceará,CE,0
Acari,RN,0
Açu,RN,0
Afonso Bezerra,RN,0
Água Nova,RN,0
Alexandria,RN,0
Almino Afonso,RN,0
Alto do Rodrigues,RN,0
Angicos,RN,0
Antônio Martins,RN,0
Apodi,RN,0
Várzea Alegre,CE,0
Quixeré,CE,0
Redenção,CE,0
Reriutaba,CE,0
Russas,CE,0
Saboeiro,CE,0
Salitre,CE,0
Santana do Acaraú,CE,0
Baía Formosa,RN,0
Baraúna,RN,0
Solonópole,CE,0
Tabuleiro do Norte,CE,0
Tamboril,CE,0
Tarrafas,CE,0
Tauá,CE,0
Tejuçuoca,CE,0
Imbé de Minas,MG,0
Indaiabira,MG,0
Indianópolis,MG,0
Além Paraíba,MG,0
Senador Pompeu,CE,0
Senador Sá,CE,0
Sobral,CE,0
Paramoti,CE,0
Pedra Branca,CE,0
Penaforte,CE,0
Pentecoste,CE,0
Pereiro,CE,0
Umirim,CE,0
Uruburetama,CE,0
Uruoca,CE,0
Varjota,CE,0
Santa Quitéria,CE,0
São Benedito,CE,0
São Gonçalo do Amarante,CE,0
São João do Jaguaribe,CE,0
São Luís do Curu,CE,0
Ipatinga,MG,0
Iraí de Minas,MG,0
Itabira,MG,0
Itabirinha,MG,0
Itacambira,MG,0
Itacarambi,MG,0
Itaguara,MG,0
Itaipé,MG,0
Itamarandiba,MG,0
Igaratinga,MG,0
Ijaci,MG,0
Palmácia,CE,0
Paracuru,CE,0
Pindoretama,CE,0
Piquet Carneiro,CE,0
Pires Ferreira,CE,0
Poranga,CE,0
Porteiras,CE,0
Potengi,CE,0
Potiretama,CE,0
Quiterianópolis,CE,0
Quixadá,CE,0
Quixelô,CE,0
Quixeramobim,CE,0
Rodeio,SC,0
São João Batista,SC,0
Santana do Cariri,CE,0
Meruoca,CE,0
Milagres,CE,0
Milhã,CE,0
São José,SC,0
Mucambo,CE,0
Mulungu,CE,0
Nova Olinda,CE,0
Nova Russas,CE,0
Novo Oriente,CE,0
Ocara,CE,0
Orós,CE,0
Pacajus,CE,0
Pacatuba,CE,0
Pacoti,CE,0
Pacujá,CE,0
Palhano,CE,0
Monsenhor Tabosa,CE,0
Morada Nova,CE,0
Moraújo,CE,0
Morrinhos,CE,0
Timbé do Sul,SC,0
Timbó,SC,0
Balneário Rincão,SC,0
Aceguá,RS,0
Paraipaba,CE,0
Parambu,CE,0
Maracanaú,CE,0
Maranguape,CE,0
Marco,CE,0
Martinópole,CE,0
Massapê,CE,0
Mauriti,CE,0
Guaraciama,MG,0
Guarani,MG,0
Guarará,MG,0
Jaguaribara,CE,0
Jaguaribe,CE,0
Jaguaruana,CE,0
Jardim,CE,0
Jati,CE,0
Jijoca de Jericoacoara,CE,0
Juazeiro do Norte,CE,0
Jucás,CE,0
Lavras da Mangabeira,CE,0
Limoeiro do Norte,CE,0
Miraíma,CE,0
Missão Velha,CE,0
Mombaça,CE,0
Itapiúna,CE,0
Itarema,CE,0
Itatira,CE,0
Jaguaretama,CE,0
Alfredo Vasconcelos,MG,0
Almenara,MG,0
Alpercata,MG,0
Alto Caparaó,MG,0
Alto Rio Doce,MG,0
Alvarenga,MG,0
Alvinópolis,MG,0
Alvorada de Minas,MG,0
Amparo do Serra,MG,0
Cachoeira de Pajeú,MG,0
Arcos,MG,0
Guaraciaba,MG,0
Bagé,RS,0
Eusébio,CE,0
Farias Brito,CE,0
Forquilha,CE,0
Madalena,CE,0
Amaral Ferrador,RS,0
Ibaretama,CE,0
Ibiapina,CE,0
Ibicuitinga,CE,0
Icapuí,CE,0
Icó,CE,0
Iguatu,CE,0
Independência,CE,0
Ipaporanga,CE,0
Ipaumirim,CE,0
Itapipoca,CE,0
Groaíras,CE,0
Guaiúba,CE,0
Guaraciaba do Norte,CE,0
Guaramiranga,CE,0
Hidrolândia,CE,0
Horizonte,CE,0
Barra do Quaraí,RS,0
Ipu,CE,0
Ipueiras,CE,0
Iracema,CE,0
Irauçuba,CE,0
Itaiçaba,CE,0
Itaitinga,CE,0
Itapajé,CE,0
Arroio do Padre,RS,0
Arroio Grande,RS,0
Cascavel,CE,0
Catarina,CE,0
Catunda,CE,0
Caucaia,CE,0
Cedro,CE,0
Chaval,CE,0
Choró,CE,0
Chorozinho,CE,0
Coreaú,CE,0
Fortaleza,CE,0
Fortim,CE,0
Frecheirinha,CE,0
General Sampaio,CE,0
Graça,CE,0
Granja,CE,0
Granjeiro,CE,0
Baturité,CE,0
Beberibe,CE,0
Cacequi,RS,0
Guidoval,MG,0
Guiricema,MG,0
Iapu,MG,0
Ibirité,MG,0
Ibituruna,MG,0
Icaraí de Minas,MG,0
Igarapé,MG,0
Goiabeira,MG,0
Goianá,MG,0
Gonzaga,MG,0
Governador Valadares,MG,0
Guanhães,MG,0
Carnaubal,CE,0
Capão do Leão,RS,0
Cerrito,RS,0
Cerro Branco,RS,0
Chuí,RS,0
Chuvisca,RS,0
Crateús,CE,0
Crato,CE,0
Croatá,CE,0
Cruz,CE,0
Deputado Irapuan Pinheiro,CE,0
Ereré,CE,0
Candiota,RS,0
Canguçu,RS,0
Barreira,CE,0
Barro,CE,0
Barroquinha,CE,0
Arneiroz,CE,0
Assaré,CE,0
Aurora,CE,0
Baixio,CE,0
Banabuiú,CE,0
Bela Cruz,CE,0
Boa Viagem,CE,0
Brejo Santo,CE,0
Camocim,CE,0
Campos Sales,CE,0
Canindé,CE,0
Capistrano,CE,0
Caridade,CE,0
Cariré,CE,0
Caririaçu,CE,0
Cariús,CE,0
Várzea Grande,PI,0
Vera Mendes,PI,0
Vila Nova do Piauí,PI,0
Wall Ferraz,PI,0
Abaiara,CE,0
Acarape,CE,0
Alto Santo,CE,0
Amontada,CE,0
Antonina do Norte,CE,0
Apuiarés,CE,0
Aquiraz,CE,0
Aracati,CE,0
Aracoiaba,CE,0
Ararendá,CE,0
Araripe,CE,0
Aratuba,CE,0
Dom Pedrito,RS,0
Dona Francisca,RS,0
São Lourenço do Piauí,PI,0
São Luis do Piauí,PI,0
São Miguel da Baixa Grande,PI,0
São Miguel do Fidalgo,PI,0
São Miguel do Tapuio,PI,0
São Pedro do Piauí,PI,0
Barbalha,CE,0
Cristal,RS,0
Dilermando de Aguiar,RS,0
Teresina,PI,0
União,PI,0
Uruçuí,PI,0
Valença do Piauí,PI,0
Várzea Branca,PI,0
Sebastião Barros,PI,0
Sebastião Leal,PI,0
Sigefredo Pacheco,PI,0
Simões,PI,0
Simplício Mendes,PI,0
Socorro do Piauí,PI,0
Sussuapara,PI,0
Tamboril do Piauí,PI,0
Tanque do Piauí,PI,0
Herval,RS,0
Esteio,RS,0
Acaraú,CE,0
Aiuaba,CE,0
Alcântaras,CE,0
Altaneira,CE,0
Dom Feliciano,RS,0
São Braz do Piauí,PI,0
São Félix do Piauí,PI,0
São Francisco de Assis do Piauí,PI,0
São Francisco do Piauí,PI,0
São Gonçalo do Gurguéia,PI,0
São Gonçalo do Piauí,PI,0
São João da Canabrava,PI,0
São João da Fronteira,PI,0
São João da Serra,PI,0
São João da Varjota,PI,0
São João do Arraial,PI,0
São João do Piauí,PI,0
São José do Divino,PI,0
São José do Peixe,PI,0
São José do Piauí,PI,0
São Raimundo Nonato,PI,0
Fervedouro,MG,0
Florestal,MG,0
Fortuna de Minas,MG,0
Francisco Badaró,MG,0
Francisco Sá,MG,0
Ibarama,RS,0
Queimada Nova,PI,0
Redenção do Gurguéia,PI,0
Regeneração,PI,0
Riacho Frio,PI,0
Ribeira do Piauí,PI,0
Ribeiro Gonçalves,PI,0
Rio Grande do Piauí,PI,0
Santa Cruz do Piauí,PI,0
Santa Cruz dos Milagres,PI,0
Formigueiro,RS,0
Ivoti,RS,0
Jaguarão,RS,0
Jaguari,RS,0
São Julião,PI,0
Hulha Negra,RS,0
Angelândia,MG,0
Antônio Dias,MG,0
Antônio Prado de Minas,MG,0
Araçaí,MG,0
Aracitaba,MG,0
Araçuaí,MG,0
Arantina,MG,0
Araponga,MG,0
Arapuá,MG,0
Araújos,MG,0
Ferros,MG,0
Nova Santa Rita,PI,0
Picos,PI,0
Pimenteiras,PI,0
Pio Ix,PI,0
Piracuruca,PI,0
Piripiri,PI,0
Porto,PI,0
Santa Filomena,PI,0
Santa Luz,PI,0
Santana do Piauí,PI,0
Santa Rosa do Piauí,PI,0
Santo Antônio de Lisboa,PI,0
Santo Antônio dos Milagres,PI,0
Santo Inácio do Piauí,PI,0
Itaara,RS,0
Ivorá,RS,0
Espinosa,MG,0
Estrela Dalva,MG,0
Nazaré do Piauí,PI,0
Nazária,PI,0
Nossa Senhora de Nazaré,PI,0
Nossa Senhora dos Remédios,PI,0
Novo Oriente do Piauí,PI,0
Novo Santo Antônio,PI,0
Oeiras,PI,0
Passagem Franca do Piauí,PI,0
Patos do Piauí,PI,0
Pau d'Arco do Piauí,PI,0
Paulistana,PI,0
Pavussu,PI,0
Pedro Ii,PI,0
Pedro Laurentino,PI,0
Prata do Piauí,PI,0
Lavras do Sul,RS,0
Franciscópolis,MG,0
Frei Gaspar,MG,0
Frei Inocêncio,MG,0
Frei Lagonegro,MG,0
Fronteira,MG,0
Fronteira dos Vales,MG,0
Fruta de Leite,MG,0
Funilândia,MG,0
Galiléia,MG,0
Gameleiras,MG,0
Barão de Cocais,MG,0
Barão de Monte Alto,MG,0
Barra Longa,MG,0
Espera Feliz,MG,0
Nova Esperança do Sul,RS,0
Olho d'Água do Piauí,PI,0
Padre Marcos,PI,0
Paes Landim,PI,0
Pajeú do Piauí,PI,0
Palmeira do Piauí,PI,0
Palmeirais,PI,0
Paquetá,PI,0
Parnaguá,PI,0
Parnaíba,PI,0
Mata,RS,0
Luzilândia,PI,0
Madeiro,PI,0
Manoel Emídio,PI,0
Marcolândia,PI,0
Porto Alegre do Piauí,PI,0
Lagoa do Barro do Piauí,PI,0
Lagoa de São Francisco,PI,0
Lagoa do Piauí,PI,0
Marcos Parente,PI,0
Massapê do Piauí,PI,0
Matias Olímpio,PI,0
Miguel Alves,PI,0
Miguel Leão,PI,0
Milton Brandão,PI,0
Monsenhor Gil,PI,0
Monsenhor Hipólito,PI,0
Monte Alegre do Piauí,PI,0
Morro Cabeça No Tempo,PI,0
Morro do Chapéu do Piauí,PI,0
Murici dos Portelas,PI,0
Morro Redondo,RS,0
Guadalupe,PI,0
Guaribas,PI,0
Hugo Napoleão,PI,0
Ilha Grande,PI,0
Nova Hartz,RS,0
Novo Cabrais,RS,0
Jerumenha,PI,0
João Costa,PI,0
Joaquim Pires,PI,0
Joca Marques,PI,0
José de Freitas,PI,0
Juazeiro do Piauí,PI,0
Júlio Borges,PI,0
Jurema,PI,0
Lagoinha do Piauí,PI,0
Lagoa Alegre,PI,0
Itaueira,PI,0
Jacobina do Piauí,PI,0
Jaicós,PI,0
Jardim do Mulato,PI,0
Jatobá do Piauí,PI,0
Pedro Osório,RS,0
Pelotas,RS,0
Pinheiro Machado,RS,0
Piratini,RS,0
Lagoa do Sítio,PI,0
Landri Sales,PI,0
Luís Correia,PI,0
Pedras Altas,RS,0
Fronteiras,PI,0
Geminiano,PI,0
Gilbués,PI,0
Durandé,MG,0
Engenheiro Caldas,MG,0
Entre Folhas,MG,0
Demerval Lobão,PI,0
Dirceu Arcoverde,PI,0
Dom Expedito Lopes,PI,0
Domingos Mourão,PI,0
Dom Inocêncio,PI,0
Elesbão Veloso,PI,0
Eliseu Martins,PI,0
Esperantina,PI,0
Flores do Piauí,PI,0
Inhuma,PI,0
Ipiranga do Piauí,PI,0
Isaías Coelho,PI,0
Itainópolis,PI,0
Cocal dos Alves,PI,0
Coivaras,PI,0
Colônia do Gurguéia,PI,0
Colônia do Piauí,PI,0
Quevedos,RS,0
Estrela do Indaiá,MG,0
Eugenópolis,MG,0
Ewbank da Câmara,MG,0
Fama,MG,0
Faria Lemos,MG,0
São Gonçalo do Rio Preto,MG,0
Felisburgo,MG,0
Fernandes Tourinho,MG,0
Dores do Indaiá,MG,0
Dores do Turvo,MG,0
Doresópolis,MG,0
Curral Novo do Piauí,PI,0
Santa Maria,RS,0
Santana da Boa Vista,RS,0
Sant'ana do Livramento,RS,0
Santa Vitória do Palmar,RS,0
Floresta do Piauí,PI,0
Floriano,PI,0
Francinópolis,PI,0
Francisco Ayres,PI,0
Francisco Macedo,PI,0
Francisco Santos,PI,0
Restinga Sêca,RS,0
Rio Grande,RS,0
Caxingó,PI,0
Cocal,PI,0
Cocal de Telha,PI,0
Campo Largo do Piauí,PI,0
Campo Maior,PI,0
Canavieira,PI,0
Canto do Buriti,PI,0
Capitão de Campos,PI,0
Capitão Gervásio Oliveira,PI,0
Caracol,PI,0
Caraúbas do Piauí,PI,0
Conceição do Canindé,PI,0
Coronel José Dias,PI,0
Corrente,PI,0
Cristalândia do Piauí,PI,0
Cristino Castro,PI,0
Curimatá,PI,0
Currais,PI,0
Curralinhos,PI,0
São Martinho da Serra,RS,0
Bela Vista do Piauí,PI,0
Belém do Piauí,PI,0
Beneditinos,PI,0
Bertolínia,PI,0
Betânia do Piauí,PI,0
Boa Hora,PI,0
Bocaina,PI,0
Bom Jesus,PI,0
Bom Princípio do Piauí,PI,0
Cajazeiras do Piauí,PI,0
Cajueiro da Praia,PI,0
Caldeirão Grande do Piauí,PI,0
Campinas do Piauí,PI,0
Campo Alegre do Fidalgo,PI,0
Campo Grande do Piauí,PI,0
São João do Polêsine,RS,0
São Lourenço do Sul,RS,0
Ervália,MG,0
Esmeraldas,MG,0
Argirita,MG,0
Aricanduva,MG,0
Astolfo Dutra,MG,0
Ataléia,MG,0
Bambuí,MG,0
Bandeira,MG,0
Diogo de Vasconcelos,MG,0
Dionísio,MG,0
Divinésia,MG,0
Divino,MG,0
Divino das Laranjeiras,MG,0
Divinolândia de Minas,MG,0
Arraial,PI,0
Assunção do Piauí,PI,0
Avelino Lopes,PI,0
Baixa Grande do Ribeiro,PI,0
Barra d'Alcântara,PI,0
Bonfim do Piauí,PI,0
Boqueirão do Piauí,PI,0
Brasileira,PI,0
Brejo do Piauí,PI,0
Buriti dos Lopes,PI,0
Buriti dos Montes,PI,0
Cabeceiras do Piauí,PI,0
São Pedro do Sul,RS,0
São Vicente do Sul,RS,0
Caridade do Piauí,PI,0
Castelo do Piauí,PI,0
Tutóia,MA,0
Urbano Santos,MA,0
Vargem Grande,MA,0
Viana,MA,0
Vitorino Freire,MA,0
Acauã,PI,0
Agricolândia,PI,0
Água Branca,PI,0
Silveira Martins,RS,0
Alvorada do Gurguéia,PI,0
Amarante,PI,0
Angical do Piauí,PI,0
Anísio de Abreu,PI,0
Antônio Almeida,PI,0
Aroazes,PI,0
Aroeiras do Itaim,PI,0
Biquinhas,MG,0
Cristiano Otoni,MG,0
São Vicente Ferrer,MA,0
Satubinha,MA,0
Senador Alexandre Costa,MA,0
Serrano do Maranhão,MA,0
Sucupira do Norte,MA,0
Sucupira do Riachão,MA,0
Timbiras,MA,0
Timon,MA,0
Trizidela do Vale,MA,0
Barras,PI,0
Barro Duro,PI,0
Batalha,PI,0
Toropi,RS,0
Turilândia,MA,0
Alagoinha do Piauí,PI,0
Alegrete do Piauí,PI,0
Alto Longá,PI,0
Altos,PI,0
São Roberto,MA,0
Divinópolis,MG,0
Divisa Alegre,MG,0
Divisópolis,MG,0
Dom Bosco,MG,0
Dom Cavati,MG,0
Dom Joaquim,MG,0
Dom Silvério,MG,0
Dona Euzébia,MG,0
Dores de Guanhães,MG,0
Bias Fortes,MG,0
Bicas,MG,0
Santa Luzia do Paruá,MA,0
Santa Quitéria do Maranhão,MA,0
Santa Rita,MA,0
Santana do Maranhão,MA,0
Tufilândia,MA,0
Turiaçu,MA,0
Turuçu,RS,0
Uruguaiana,RS,0
Vera Cruz,RS,0
São Francisco do Maranhão,MA,0
São João Batista,MA,0
São João do Paraíso,MA,0
São João do Soter,MA,0
São João dos Patos,MA,0
São José de Ribamar,MA,0
São José dos Basílios,MA,0
São Félix de Balsas,MA,0
Pio Xii,MA,0
Pirapemas,MA,0
Poção de Pedras,MA,0
Porto Franco,MA,0
Porto Rico do Maranhão,MA,0
Presidente Dutra,MA,0
Presidente Juscelino,MA,0
Presidente Médici,MA,0
São Luís,MA,0
São Luís Gonzaga do Maranhão,MA,0
São Mateus do Maranhão,MA,0
São Raimundo do Doca Bezerra,MA,0
Santa Filomena do Maranhão,MA,0
Santa Helena,MA,0
Santa Inês,MA,0
Olinda Nova do Maranhão,MA,0
Paço do Lumiar,MA,0
Palmeirândia,MA,0
Paraibano,MA,0
Parnarama,MA,0
Passagem Franca,MA,0
Pastos Bons,MA,0
Paulino Neves,MA,0
Paulo Ramos,MA,0
Santo Amaro do Maranhão,MA,0
Santo Antônio dos Lopes,MA,0
São Benedito do Rio Preto,MA,0
São Bento,MA,0
São Bernardo,MA,0
São Domingos do Azeitão,MA,0
São Domingos do Maranhão,MA,0
Mata Roma,MA,0
Matinha,MA,0
Matões,MA,0
Matões do Norte,MA,0
Milagres do Maranhão,MA,0
Miranda do Norte,MA,0
Mirinzal,MA,0
Monção,MA,0
Montes Altos,MA,0
Presidente Sarney,MA,0
Presidente Vargas,MA,0
Primeira Cruz,MA,0
Raposa,MA,0
Ribamar Fiquene,MA,0
Rosário,MA,0
Sambaíba,MA,0
Joselândia,MA,0
Junco do Maranhão,MA,0
Lago da Pedra,MA,0
Lago do Junco,MA,0
Lago Verde,MA,0
Lagoa do Mato,MA,0
Lago dos Rodrigues,MA,0
Lagoa Grande do Maranhão,MA,0
Lima Campos,MA,0
Pedreiras,MA,0
Pedro do Rosário,MA,0
Penalva,MA,0
Peri Mirim,MA,0
Peritoró,MA,0
Pindaré-Mirim,MA,0
Pinheiro,MA,0
Maranhãozinho,MA,0
Governador Nunes Freire,MA,0
Graça Aranha,MA,0
Guimarães,MA,0
Humberto de Campos,MA,0
Icatu,MA,0
Igarapé do Meio,MA,0
Igarapé Grande,MA,0
Imperatriz,MA,0
Itapecuru Mirim,MA,0
Itinga do Maranhão,MA,0
Morros,MA,0
Nina Rodrigues,MA,0
Nova Colinas,MA,0
Nova Iorque,MA,0
Olho d'Água das Cunhãs,MA,0
Córrego Danta,MG,0
Fortuna,MA,0
Godofredo Viana,MA,0
Gonçalves Dias,MA,0
Governador Archer,MA,0
Governador Edison Lobão,MA,0
Governador Eugênio Barros,MA,0
Governador Luiz Rocha,MA,0
Capinzal do Norte,MA,0
Carutapera,MA,0
Caxias,MA,0
Loreto,MA,0
Luís Domingues,MA,0
Magalhães de Almeida,MA,0
Maracaçumé,MA,0
Marajá do Sena,MA,0
Buriti Bravo,MA,0
Jatobá,MA,0
Dom Pedro,MA,0
Duque Bacelar,MA,0
Esperantinópolis,MA,0
Crucilândia,MG,0
Cuparaque,MG,0
Curral de Dentro,MG,0
Delta,MG,0
Descoberto,MG,0
Desterro de Entre Rios,MG,0
Desterro do Melo,MG,0
Coroaci,MG,0
Coronel Fabriciano,MG,0
Coronel Pacheco,MG,0
Coronel Xavier Chaves,MG,0
Bacuri,MA,0
Cedral,MA,0
Central do Maranhão,MA,0
Centro do Guilherme,MA,0
Chapadinha,MA,0
Codó,MA,0
Coelho Neto,MA,0
Conceição do Lago-Açu,MA,0
Coroatá,MA,0
Cururupu,MA,0
Boa Vista do Gurupi,MA,0
Bom Jesus das Selvas,MA,0
Bom Lugar,MA,0
Brejo,MA,0
Brejo de Areia,MA,0
Buriti,MA,0
Alto Alegre do Maranhão,MA,0
Alto Alegre do Pindaré,MA,0
Amapá do Maranhão,MA,0
Buriticupu,MA,0
Cachoeira Grande,MA,0
Cajapió,MA,0
Cajari,MA,0
Campestre do Maranhão,MA,0
Cândido Mendes,MA,0
Cantanhede,MA,0
Figueirópolis d'Oeste,MT,0
Glória d'Oeste,MT,0
Arame,MA,0
Axixá,MA,0
Bacabal,MA,0
Bacabeira,MA,0
Sucupira,TO,0
Talismã,TO,0
Tocantinópolis,TO,0
Sampaio,TO,0
Bacurituba,MA,0
Barão de Grajaú,MA,0
Barreirinhas,MA,0
Belágua,MA,0
Bela Vista do Maranhão,MA,0
Benedito Leite,MA,0
Bequimão,MA,0
Bernardo do Mearim,MA,0
Afonso Cunha,MA,0
Água Doce do Maranhão,MA,0
Alcântara,MA,0
Aldeias Altas,MA,0
São Salvador do Tocantins,TO,0
Córrego Novo,MG,0
Crisólita,MG,0
Bela Vista de Minas,MG,0
Belmiro Braga,MG,0
Belo Oriente,MG,0
Berilo,MG,0
Bertópolis,MG,0
Berizal,MG,0
Botumirim,MG,0
Brasília de Minas,MG,0
Brás Pires,MG,0
Conceição de Ipanema,MG,0
São Sebastião do Tocantins,TO,0
São Valério,TO,0
Sítio Novo do Tocantins,TO,0
Cachoeirinha,TO,0
Cariri do Tocantins,TO,0
Carmolândia,TO,0
Santa Terezinha do Tocantins,TO,0
São Miguel do Tocantins,TO,0
Peixe,TO,0
Porto Alegre do Tocantins,TO,0
Praia Norte,TO,0
Porto Esperidião,MT,0
Nazaré,TO,0
Nova Rosalândia,TO,0
Anajatuba,MA,0
Anapurus,MA,0
Apicum-Açu,MA,0
Araguanã,MA,0
Araioses,MA,0
Augustinópolis,TO,0
Axixá do Tocantins,TO,0
Porto Grande,AP,0
Pracuúba,AP,0
Tartarugalzinho,AP,0
Vitória do Jari,AP,0
Aguiarnópolis,TO,0
Oliveira de Fátima,TO,0
Palmeirópolis,TO,0
Itaguatins,TO,0
Luzinópolis,TO,0
Maurilândia do Tocantins,TO,0
Esperantina,TO,0
Figueirópolis,TO,0
Gurupi,TO,0
Buriti do Tocantins,TO,0
Pedra Branca do Amapari,AP,0
Cutias,AP,0
Carrasco Bonito,TO,0
Araguanã,TO,0
Conceição do Pará,MG,0
Confins,MG,0
Conselheiro Pena,MG,0
Contagem,MG,0
Cordisburgo,MG,0
Corinto,MG,0
Caiana,MG,0
Chácara,MG,0
Chalé,MG,0
Chapada Gaúcha,MG,0
Chiador,MG,0
Araguatins,TO,0
Araçu,GO,0
São João de Pirabas,PA,0
São João do Araguaia,PA,0
São Miguel do Guamá,PA,0
Aliança do Tocantins,TO,0
Alvorada,TO,0
Angico,TO,0
Abadia de Goiás,GO,0
Adelândia,GO,0
Águas Lindas de Goiás,GO,0
Uruará,PA,0
Vigia,PA,0
Vitória do Xingu,PA,0
Xinguara,PA,0
Serra do Navio,AP,0
Amapá,AP,0
Bonfinópolis,GO,0
Bonópolis,GO,0
Brazabrantes,GO,0
Santa Cruz do Arari,PA,0
Santa Maria do Pará,PA,0
Santarém,PA,0
Ferreira Gomes,AP,0
Itaubal,AP,0
Laranjal do Jari,AP,0
Mazagão,AP,0
Alexânia,GO,0
Alto Horizonte,GO,0
Amaralina,GO,0
Americano do Brasil,GO,0
Anicuns,GO,0
Aparecida de Goiânia,GO,0
Buriti de Goiás,GO,0
Buritinópolis,GO,0
Caldazinha,GO,0
Campestre de Goiás,GO,0
Campo Limpo de Goiás,GO,0
Peixe-Boi,PA,0
Placas,PA,0
Ponta de Pedras,PA,0
Sapucaia,PA,0
Soure,PA,0
Terra Alta,PA,0
Terra Santa,PA,0
Tracuateua,PA,0
Aragoiânia,GO,0
Avelinópolis,GO,0
Barro Alto,GO,0
Carmo do Rio Verde,GO,0
Caturaí,GO,0
Cidade Ocidental,GO,0
Cocalzinho de Goiás,GO,0
Córrego do Ouro,GO,0
Corumbá de Goiás,GO,0
Muaná,PA,0
Nova Ipixuna,PA,0
Nova Timboteua,PA,0
Óbidos,PA,0
Oeiras do Pará,PA,0
Santarém Novo,PA,0
São Caetano de Odivelas,PA,0
São Domingos do Araguaia,PA,0
São Francisco do Pará,PA,0
São João da Ponta,PA,0
Magalhães Barata,PA,0
Marabá,PA,0
Maracanã,PA,0
Marapanim,PA,0
Medicilândia,PA,0
Mojuí dos Campos,PA,0
Cristianópolis,GO,0
Damianópolis,GO,0
Damolândia,GO,0
Estrela do Norte,GO,0
Flores de Goiás,GO,0
Primavera,PA,0
Quatipuru,PA,0
Salinópolis,PA,0
Salvaterra,PA,0
Campos Verdes,GO,0
Conceição da Barra de Minas,MG,0
Cataguases,MG,0
Catas Altas,MG,0
Catas Altas da Noruega,MG,0
Catuji,MG,0
Guaraíta,GO,0
Guarani de Goiás,GO,0
Guarinos,GO,0
Curuá,PA,0
Curuçá,PA,0
Faro,PA,0
Gurupá,PA,0
Igarapé-Açu,PA,0
Ourém,PA,0
Juruti,PA,0
Limoeiro do Ajuru,PA,0
Goianápolis,GO,0
Goiandira,GO,0
Goianésia,GO,0
Goiânia,GO,0
Goianira,GO,0
Cipotânea,MG,0
Cláudio,MG,0
Coimbra,MG,0
Coluna,MG,0
Comercinho,MG,0
Bom Despacho,MG,0
Bom Jardim de Minas,MG,0
Bom Jesus do Amparo,MG,0
Bom Jesus do Galho,MG,0
Bom Sucesso,MG,0
Casa Grande,MG,0
Itauçu,GO,0
Jesúpolis,GO,0
Leopoldo de Bulhões,GO,0
Abaetetuba,PA,0
Irituia,PA,0
Itupiranga,PA,0
Heitoraí,GO,0
Hidrolina,GO,0
Iaciara,GO,0
Inhumas,GO,0
Itaguari,GO,0
Itaguaru,GO,0
Itapaci,GO,0
Canaã dos Carajás,PA,0
Capanema,PA,0
Colares,PA,0
Mucajaí,RR,0
Parintins,AM,0
Guajará,AM,0
Ipixuna,AM,0
Mambaí,GO,0
Mara Rosa,GO,0
Mossâmedes,GO,0
Curralinho,PA,0
Augusto Corrêa,PA,0
Bagre,PA,0
Barcarena,PA,0
Belterra,PA,0
Bonito,PA,0
Bragança,PA,0
Brasil Novo,PA,0
Brejo Grande do Araguaia,PA,0
Abel Figueiredo,PA,0
Água Azul do Norte,PA,0
Alenquer,PA,0
Iracema,RR,0
Catuti,MG,0
Cedro do Abaeté,MG,0
Central de Minas,MG,0
Braúnas,MG,0
Bugre,MG,0
Cachoeira da Prata,MG,0
Caetanópolis,MG,0
Caeté,MG,0
Campo Azul,MG,0
Campos Altos,MG,0
Caranaíba,MG,0
Carangola,MG,0
Padre Bernardo,GO,0
Petrolina de Goiás,GO,0
Pilar de Goiás,GO,0
Mundo Novo,GO,0
Mutunópolis,GO,0
Nazário,GO,0
Nerópolis,GO,0
Nova Glória,GO,0
Nova Iguaçu de Goiás,GO,0
Nova Roma,GO,0
Nova Veneza,GO,0
Novo Brasil,GO,0
Novo Gama,GO,0
Barreirinha,AM,0
Boa Vista do Ramos,AM,0
Eirunepé,AM,0
Cruzeiro do Sul,AC,0
Epitaciolândia,AC,0
Marechal Thaumaturgo,AC,0
Porto Walter,AC,0
Porangatu,GO,0
Rialma,GO,0
Rianápolis,GO,0
Sanclerlândia,GO,0
Envira,AM,0
Rodrigues Alves,AC,0
Santa Rosa do Purus,AC,0
Senador Guiomard,AC,0
Xapuri,AC,0
Amaturá,AM,0
Novo Planalto,GO,0
Ouro Verde de Goiás,GO,0
Ji-Paraná,RO,0
Valparaíso de Goiás,GO,0
Costa Marques,RO,0
Vila Propício,GO,0
Canaã,MG,0
Cantagalo,MG,0
Candeias do Jamari,RO,0
Castanheiras,RO,0
São Luiz do Norte,GO,0
Senador Canedo,GO,0
Taquaral de Goiás,GO,0
Uirapuru,GO,0
Vale do Anari,RO,0
Vale do Paraíso,RO,0
Assis Brasil,AC,0
Brasiléia,AC,0
Campanário,MG,0
Teixeirópolis,RO,0
Theobroma,RO,0
Urupá,RO,0
Rio Crespo,RO,0
Santa Luzia d'Oeste,RO,0
Santa Terezinha de Goiás,GO,0
Santo Antônio de Goiás,GO,0
Santo Antônio do Descoberto,GO,0
Itapuã do Oeste,RO,0
Ministro Andreazza,RO,0
Mirante da Serra,RO,0
Nova União,RO,0
Primavera de Rondônia,RO,0
Trindade,GO,0
Ouro Preto do Oeste,RO,0
